{
"type": "FeatureCollection",
"name": "Lviv_district_OTG",
"crs": { "type": "name", "properties": { "name": "urn:ogc:def:crs:OGC:1.3:CRS84" } },
"features": [
{ "type": "Feature", "properties": { "fid": 2, "MOID": "2683390582155379881", "ID": "15", "NAME": "Рудненська громада", "EDITOR_DAT": null, "KOATUU": "4610165500" }, "geometry": { "type": "MultiPolygon", "coordinates": [ [ [ [ 23.872425206829806, 49.835438199793892 ], [ 23.871057120271008, 49.835572894712051 ], [ 23.865254309737452, 49.836190453664699 ], [ 23.861779299309859, 49.836609538482762 ], [ 23.860366855257702, 49.83662650427744 ], [ 23.860246587699475, 49.837337947813062 ], [ 23.859416314977398, 49.837328361752796 ], [ 23.859281288349518, 49.837323256222469 ], [ 23.857468441721636, 49.837260663320535 ], [ 23.857455252264636, 49.837946853653456 ], [ 23.857393299163768, 49.838688467936414 ], [ 23.857391700536951, 49.839114744598795 ], [ 23.857477357723084, 49.841383295398444 ], [ 23.857186541099654, 49.842033676705228 ], [ 23.858980089600564, 49.842450048768143 ], [ 23.860009077048282, 49.842688912549441 ], [ 23.86020244615241, 49.842930117221293 ], [ 23.860733073923559, 49.843428006448768 ], [ 23.86231344570659, 49.845044600424558 ], [ 23.862432499074497, 49.845259971083252 ], [ 23.862477080925263, 49.845364559463633 ], [ 23.862820118476655, 49.845681875212726 ], [ 23.862949701609129, 49.845805985453218 ], [ 23.863217076766663, 49.846022092734614 ], [ 23.863549565335472, 49.846250815992185 ], [ 23.865819063866123, 49.84806430001597 ], [ 23.86582033767105, 49.848064301921923 ], [ 23.865934251058015, 49.848026411638131 ], [ 23.869884739256584, 49.846072127302293 ], [ 23.870435764318504, 49.846383847317348 ], [ 23.870924493982525, 49.846655966524608 ], [ 23.871628154145252, 49.84695305088205 ], [ 23.872087931960404, 49.84722856198276 ], [ 23.872384920101133, 49.847146455166509 ], [ 23.872903532091602, 49.846955698793231 ], [ 23.872994688567626, 49.847030663201537 ], [ 23.873904719732128, 49.846785857795666 ], [ 23.874649089879927, 49.845976225429801 ], [ 23.87660680235847, 49.846652661494517 ], [ 23.880628052733716, 49.848085506409305 ], [ 23.885408366431907, 49.849676828762895 ], [ 23.886942988599724, 49.850215509332088 ], [ 23.888882846714949, 49.851062986736437 ], [ 23.889925156459025, 49.850927315735618 ], [ 23.89053911358522, 49.850831050170036 ], [ 23.890649535481803, 49.850814064485135 ], [ 23.890790985277949, 49.8507571547296 ], [ 23.890826828398033, 49.850585928012976 ], [ 23.890827003205619, 49.850528837275554 ], [ 23.890968647949592, 49.85040341850533 ], [ 23.891322494371771, 49.850186925141365 ], [ 23.893709495602621, 49.849173727846619 ], [ 23.89404839093454, 49.849027619407259 ], [ 23.89489414312883, 49.848661390581192 ], [ 23.896093775528982, 49.848105633768625 ], [ 23.896585728169377, 49.84789310069047 ], [ 23.896564872264129, 49.846979620083275 ], [ 23.896547231113974, 49.846473392124352 ], [ 23.896543210479244, 49.846340174979836 ], [ 23.896594777431286, 49.844817813067998 ], [ 23.896834262444575, 49.843432699831084 ], [ 23.896953537451697, 49.842899997201464 ], [ 23.897357092606672, 49.841758672096617 ], [ 23.897428073127994, 49.84163696515261 ], [ 23.898256567172314, 49.840069876231944 ], [ 23.898823997195283, 49.839218005865042 ], [ 23.900220701062281, 49.837321397093895 ], [ 23.902781299578432, 49.834130700900893 ], [ 23.90293117059008, 49.833959202065003 ], [ 23.903272102589888, 49.833593180168265 ], [ 23.903300240097067, 49.833576006921398 ], [ 23.903332509941141, 49.83354382807552 ], [ 23.903705862496558, 49.833012665696465 ], [ 23.903548111564319, 49.832982231695382 ], [ 23.902064306170647, 49.83293225152935 ], [ 23.900233435285148, 49.832878709009314 ], [ 23.898807149111775, 49.832842819303991 ], [ 23.898889061547301, 49.831986552268155 ], [ 23.898898148720349, 49.831895217223057 ], [ 23.898953028421388, 49.831233026688274 ], [ 23.893639470055103, 49.831329239003942 ], [ 23.893624970390572, 49.831646518509977 ], [ 23.892934862360246, 49.831582812414069 ], [ 23.891587812533405, 49.831391448293743 ], [ 23.891256402708706, 49.83134525094043 ], [ 23.891199010357013, 49.831350886874255 ], [ 23.891103253563919, 49.831398341098982 ], [ 23.89105604262685, 49.831443943839375 ], [ 23.891044110181621, 49.831497222891336 ], [ 23.891020364372881, 49.831565701723676 ], [ 23.891018649996475, 49.831598077116659 ], [ 23.890266684646001, 49.83173600932956 ], [ 23.885869488531519, 49.832301185985479 ], [ 23.884262294789412, 49.832561667125262 ], [ 23.883167178662287, 49.832765725673596 ], [ 23.879050180704834, 49.833959023259013 ], [ 23.87744204398636, 49.834470608686182 ], [ 23.875268586040292, 49.835095556314592 ], [ 23.872425299667189, 49.835411210211042 ], [ 23.872425206829806, 49.835438199793892 ] ] ] ] } },
{ "type": "Feature", "properties": { "fid": 3, "MOID": "2683390582163768490", "ID": "8", "NAME": "Винниківська громада", "EDITOR_DAT": null, "KOATUU": "4610160300" }, "geometry": { "type": "MultiPolygon", "coordinates": [ [ [ [ 24.128612381577408, 49.800826387285163 ], [ 24.128613967921982, 49.800835390801218 ], [ 24.128642394303675, 49.800963097905694 ], [ 24.129523370525366, 49.800962414888133 ], [ 24.129602195528168, 49.801660301326095 ], [ 24.129800500146924, 49.801952146126965 ], [ 24.129816941483895, 49.801976342660154 ], [ 24.129702977163753, 49.802156496629678 ], [ 24.129409685504854, 49.802490511735506 ], [ 24.129362435457193, 49.802376368400502 ], [ 24.129162029958856, 49.80212531821681 ], [ 24.128985233108885, 49.801919927581437 ], [ 24.128832107076473, 49.801790641367418 ], [ 24.128780889421805, 49.801793049046225 ], [ 24.128745273195978, 49.801752589215177 ], [ 24.128456294258132, 49.801599173171304 ], [ 24.128387043753136, 49.801537374994282 ], [ 24.128371770153006, 49.801525869229494 ], [ 24.128340305085157, 49.801501985748502 ], [ 24.128306150211891, 49.801476376092559 ], [ 24.128287739828554, 49.80144860195405 ], [ 24.128263514469598, 49.801426996729553 ], [ 24.128241444436696, 49.80137874479945 ], [ 24.128236525896927, 49.801371947076937 ], [ 24.128235502886394, 49.801370080315884 ], [ 24.128234254535766, 49.80136806725362 ], [ 24.128233196167674, 49.801366369283535 ], [ 24.128231839586068, 49.801364356304376 ], [ 24.12823021159198, 49.801361888189753 ], [ 24.128228393679894, 49.801359140009346 ], [ 24.128227661097139, 49.801358037238685 ], [ 24.12822568035709, 49.801355026484885 ], [ 24.128223129991369, 49.80135124558651 ], [ 24.128220959269601, 49.801347919740444 ], [ 24.12821672666794, 49.801341600715894 ], [ 24.128212819498927, 49.801335684245515 ], [ 24.128212303956825, 49.80133489654618 ], [ 24.128211380397662, 49.801332935773978 ], [ 24.128210266792237, 49.801330624883185 ], [ 24.128208256685781, 49.801326353199329 ], [ 24.128206599614451, 49.801322781773479 ], [ 24.128204480796168, 49.801318247474647 ], [ 24.128202362010374, 49.801313730688989 ], [ 24.128200025928486, 49.801308758726215 ], [ 24.12819682053297, 49.801301896002322 ], [ 24.128195380855992, 49.801298832292929 ], [ 24.128192365700379, 49.801292424766771 ], [ 24.128190735785399, 49.801288905859465 ], [ 24.128186253865355, 49.801279417131198 ], [ 24.128183265866156, 49.801273062123592 ], [ 24.12805294776993, 49.80101466278262 ], [ 24.127653146368488, 49.800215822591426 ], [ 24.127430369288369, 49.799941884826083 ], [ 24.127429780620293, 49.799941860295561 ], [ 24.127429237167373, 49.799941136955816 ], [ 24.126262254670145, 49.79989240858864 ], [ 24.126203185615218, 49.799890740033021 ], [ 24.122571795828009, 49.7997393194442 ], [ 24.12257163697981, 49.799646773456203 ], [ 24.122357549521922, 49.799652634244495 ], [ 24.12159906702346, 49.799687431160251 ], [ 24.121452047403942, 49.799679923255738 ], [ 24.121281494247018, 49.799661013375299 ], [ 24.121181484757059, 49.799634441080073 ], [ 24.121104900145419, 49.7995507598852 ], [ 24.120992853289835, 49.79935958318292 ], [ 24.120969263495361, 49.799318684794379 ], [ 24.12055640510151, 49.798572982716429 ], [ 24.121167553355725, 49.798347993671342 ], [ 24.120513447479276, 49.7974996955137 ], [ 24.120636870143741, 49.797465353510695 ], [ 24.12087192296887, 49.797377646654851 ], [ 24.121524078670067, 49.797076503729151 ], [ 24.121352684990114, 49.796555191134061 ], [ 24.121346425372433, 49.796330636921262 ], [ 24.121286752083282, 49.795813051100858 ], [ 24.121244706421624, 49.795287836032102 ], [ 24.121256234463807, 49.795150810719335 ], [ 24.121291377720127, 49.795070856604561 ], [ 24.121355906497559, 49.794983273739405 ], [ 24.12153214879347, 49.794899413319371 ], [ 24.121755460567233, 49.794830743738537 ], [ 24.122284488105159, 49.794754242726036 ], [ 24.122509348080321, 49.794731244433152 ], [ 24.12256319280613, 49.794726451327257 ], [ 24.12256232314374, 49.794219631968687 ], [ 24.126397237124564, 49.794216810975676 ], [ 24.126395422257556, 49.794025556354192 ], [ 24.126433542132666, 49.793969387989414 ], [ 24.126468742670017, 49.793926541156402 ], [ 24.126978224776945, 49.793615008825107 ], [ 24.127126423033026, 49.793474073166792 ], [ 24.127187947760905, 49.79335984182854 ], [ 24.127208429437285, 49.793304639224139 ], [ 24.127241658907032, 49.792986802206677 ], [ 24.127239997676774, 49.792882136384179 ], [ 24.127071949867545, 49.792612983853203 ], [ 24.126744347446529, 49.792705527692242 ], [ 24.126465985793455, 49.792391736292032 ], [ 24.126395310216246, 49.792323278664398 ], [ 24.126289375687769, 49.79226436507097 ], [ 24.126885814127892, 49.792093591084928 ], [ 24.12759239579022, 49.791874202698679 ], [ 24.128319572942505, 49.791666217022978 ], [ 24.128802866266653, 49.791517404377856 ], [ 24.128835160293168, 49.791496447746432 ], [ 24.128854204667945, 49.791461224973688 ], [ 24.128871742387219, 49.79140697696991 ], [ 24.128884609093816, 49.7912138056613 ], [ 24.128865424110522, 49.791169099257139 ], [ 24.128735754755361, 49.790992215380697 ], [ 24.12850602462008, 49.790752609084301 ], [ 24.12829109399588, 49.790565324514432 ], [ 24.128164451448253, 49.790432206268598 ], [ 24.128067200041464, 49.790296216224021 ], [ 24.127706465303355, 49.789943476577328 ], [ 24.127593109249144, 49.789839844173251 ], [ 24.127207572999609, 49.789586081959499 ], [ 24.126585403538026, 49.789325832999467 ], [ 24.126266289681833, 49.7892242594788 ], [ 24.126063379059868, 49.789174931641725 ], [ 24.125894335863006, 49.789161738823502 ], [ 24.125351902537915, 49.789101244676239 ], [ 24.125068182608427, 49.789065298870113 ], [ 24.124802086539106, 49.789025528808743 ], [ 24.124258252945385, 49.789004044794162 ], [ 24.123917330581492, 49.789033791062053 ], [ 24.123545871787357, 49.789253866450025 ], [ 24.123456253202814, 49.789275815930004 ], [ 24.123244673284383, 49.789309272297118 ], [ 24.122554044762605, 49.789394459035925 ], [ 24.122554065050579, 49.789406285767903 ], [ 24.119424671492816, 49.789776325581272 ], [ 24.118390365786208, 49.790020626399425 ], [ 24.117073321471242, 49.789930170784601 ], [ 24.116321101655267, 49.79011336478397 ], [ 24.115710016523309, 49.790326914485135 ], [ 24.114816496057845, 49.790388394842871 ], [ 24.114299427285754, 49.790571426478927 ], [ 24.11401778990113, 49.790936995241154 ], [ 24.113171567931406, 49.791181127890574 ], [ 24.113077777854699, 49.791363878815694 ], [ 24.113125275211001, 49.79166833665483 ], [ 24.11340794661389, 49.791972644167245 ], [ 24.113361330194664, 49.792246712833197 ], [ 24.113032316847381, 49.792399164669348 ], [ 24.111480819680434, 49.792826427366727 ], [ 24.111152164015312, 49.793222467560824 ], [ 24.110117921020525, 49.793588486909023 ], [ 24.109741593527886, 49.793558267251811 ], [ 24.109693938815802, 49.793132015649455 ], [ 24.109834249497453, 49.792583852655873 ], [ 24.109740090515221, 49.792523011493465 ], [ 24.108564447512727, 49.792675962654393 ], [ 24.108517759654593, 49.792919584523851 ], [ 24.108376739516103, 49.79298056284577 ], [ 24.105602008391465, 49.793225779131681 ], [ 24.105343276210665, 49.793195477782284 ], [ 24.105249121664365, 49.793134632975672 ], [ 24.105248997491607, 49.793043285322156 ], [ 24.105319116035414, 49.79272353270008 ], [ 24.105248480123887, 49.792662678863621 ], [ 24.105060304168425, 49.79263233666493 ], [ 24.104895680488966, 49.792632430061552 ], [ 24.103743800177465, 49.792983234531349 ], [ 24.103508682236416, 49.793029039041528 ], [ 24.103414610791269, 49.793029091180479 ], [ 24.103273450176125, 49.792983495412741 ], [ 24.10313226301853, 49.792922679256385 ], [ 24.103038151774175, 49.792892281869548 ], [ 24.102379152383261, 49.79249680706539 ], [ 24.10226146557039, 49.792420748023119 ], [ 24.10216717828937, 49.792253332809096 ], [ 24.102072753765558, 49.791979345224597 ], [ 24.101954859192329, 49.791735819504233 ], [ 24.10178994439536, 49.791507543670903 ], [ 24.101319199962507, 49.791188084098501 ], [ 24.101036964344992, 49.791157785716216 ], [ 24.100966355421285, 49.791112149475723 ], [ 24.100895688642122, 49.791020839344924 ], [ 24.10089537938013, 49.790777249879035 ], [ 24.100942296861582, 49.790685877143872 ], [ 24.100094506327842, 49.789727191496745 ], [ 24.099882669841453, 49.789575056265136 ], [ 24.099765095669721, 49.78957511774103 ], [ 24.098965701749602, 49.789697329592812 ], [ 24.098777559864825, 49.789682201790924 ], [ 24.098730471429825, 49.789636552088879 ], [ 24.098636332065766, 49.789575701866596 ], [ 24.098612704203138, 49.78948437058763 ], [ 24.098612462239011, 49.789286450519384 ], [ 24.098682507274265, 49.788875358349642 ], [ 24.098823359574656, 49.788677370180459 ], [ 24.099105297903538, 49.788479304633853 ], [ 24.099246109712261, 49.788250866691428 ], [ 24.099527779268058, 49.787839659754724 ], [ 24.099739322603654, 49.787763430709596 ], [ 24.100068530210478, 49.78776325834788 ], [ 24.102797660371088, 49.788827500224905 ], [ 24.103668116141495, 49.789116283090983 ], [ 24.104209098789362, 49.789207328804899 ], [ 24.10437372449989, 49.789222461011441 ], [ 24.105479732047105, 49.789785136549071 ], [ 24.106420538532983, 49.789906387540782 ], [ 24.106844207482233, 49.790180180055835 ], [ 24.107197075726756, 49.790271321409165 ], [ 24.108467056175094, 49.790346692759613 ], [ 24.109407748995444, 49.790376576181565 ], [ 24.110348220047264, 49.790254205821086 ], [ 24.111664579582637, 49.789888003811534 ], [ 24.113920257669655, 49.788683843656614 ], [ 24.114084586403049, 49.788501046421537 ], [ 24.114154875083091, 49.788333534419785 ], [ 24.114037086153147, 49.788196588809647 ], [ 24.113848711550702, 49.788029243669115 ], [ 24.113472162085113, 49.787831565264426 ], [ 24.113354383085237, 49.787694623332655 ], [ 24.11333065879181, 49.787557616784937 ], [ 24.113330217539762, 49.787268353370585 ], [ 24.113517888931728, 49.786978969505469 ], [ 24.114034929214689, 49.786795945644393 ], [ 24.114599231303263, 49.786765130732647 ], [ 24.115210705165737, 49.786825629981372 ], [ 24.117327913477098, 49.787387525278035 ], [ 24.117680584360965, 49.787356837795478 ], [ 24.119843359186181, 49.787005191224075 ], [ 24.122549054803425, 49.786485358802672 ], [ 24.122549065096354, 49.786491359972231 ], [ 24.123091109551936, 49.786341576113522 ], [ 24.123456583565712, 49.786075836887299 ], [ 24.123868963076095, 49.785737745201054 ], [ 24.123967298139135, 49.785663455406571 ], [ 24.124111214999289, 49.785603404153491 ], [ 24.124218468856451, 49.785585247379693 ], [ 24.124568315091498, 49.785627806289462 ], [ 24.124816676098419, 49.785625722242649 ], [ 24.12497099681589, 49.785633220486652 ], [ 24.125394424080522, 49.785732814842646 ], [ 24.125822326478126, 49.785865711501032 ], [ 24.126075288102392, 49.785971137662848 ], [ 24.126718916959508, 49.785932596319917 ], [ 24.127083299254785, 49.785885694090055 ], [ 24.127707713182041, 49.785785310617158 ], [ 24.128326310716307, 49.785723938100986 ], [ 24.128552580076054, 49.785695215517471 ], [ 24.129079944846342, 49.785571109809588 ], [ 24.129583596301966, 49.785341400330154 ], [ 24.129753859169654, 49.785226134384274 ], [ 24.129834550443942, 49.785152806021266 ], [ 24.129866786534802, 49.785103300722355 ], [ 24.129893129534313, 49.785042381542162 ], [ 24.129904792392857, 49.784991939687863 ], [ 24.129901606457903, 49.784861584461154 ], [ 24.129861692367868, 49.784735064123133 ], [ 24.129746686431837, 49.784531526586044 ], [ 24.129677437617048, 49.784435478377276 ], [ 24.129637597359654, 49.784351773917678 ], [ 24.129637473411435, 49.784285168386063 ], [ 24.130178559404293, 49.784434133528407 ], [ 24.130532693437388, 49.784414824246461 ], [ 24.130863634782855, 49.784565856842228 ], [ 24.131059434859711, 49.784749345832147 ], [ 24.131344874124743, 49.784927051830628 ], [ 24.131797726118851, 49.785039923168199 ], [ 24.13221381730872, 49.785138550231032 ], [ 24.132347646987728, 49.785191729021932 ], [ 24.132590287273278, 49.785269557897102 ], [ 24.132700498710207, 49.78526471025593 ], [ 24.133006079529977, 49.785214983285272 ], [ 24.133210315750233, 49.785193886142913 ], [ 24.133298510026574, 49.785202379544273 ], [ 24.133516080277783, 49.785239311698177 ], [ 24.133554274325586, 49.785232620932341 ], [ 24.133605685011027, 49.785216401794045 ], [ 24.133679072413429, 49.78516971543656 ], [ 24.133712812929669, 49.785139238645236 ], [ 24.133745127741623, 49.785128746448805 ], [ 24.133790669641655, 49.785121096974045 ], [ 24.133872958212319, 49.785119128912299 ], [ 24.134136099484081, 49.785159828836456 ], [ 24.134320930134859, 49.784986499190417 ], [ 24.134511738706795, 49.784864545308551 ], [ 24.134586629641618, 49.784834987056833 ], [ 24.134727641826323, 49.784798714601592 ], [ 24.134964192441451, 49.784771876295089 ], [ 24.13510374599387, 49.784742264271202 ], [ 24.135499014396984, 49.78471529345218 ], [ 24.135527967204649, 49.784493563796026 ], [ 24.135536560765704, 49.784382229727299 ], [ 24.135545291226865, 49.784336548534426 ], [ 24.13559515238434, 49.784285121707583 ], [ 24.135692026614191, 49.784223194277686 ], [ 24.135722824516684, 49.784193671982955 ], [ 24.135834396636334, 49.784134581327116 ], [ 24.136054569059759, 49.784002138945695 ], [ 24.136279124533264, 49.783858269596699 ], [ 24.136174557653856, 49.783744172267973 ], [ 24.135915557817523, 49.78356359815654 ], [ 24.135546108573617, 49.783267982203114 ], [ 24.135170873159286, 49.783013284995647 ], [ 24.134786850906657, 49.782773818458594 ], [ 24.134505950469524, 49.782659864875306 ], [ 24.134304402366958, 49.782548703446864 ], [ 24.134151434853162, 49.782476511757274 ], [ 24.133677905943909, 49.782302772212553 ], [ 24.133051434230797, 49.782066350774301 ], [ 24.132577894429577, 49.781879282967346 ], [ 24.132138225229067, 49.78173214858672 ], [ 24.131897745559108, 49.782002574324586 ], [ 24.131608106346835, 49.781925729683344 ], [ 24.131493457531693, 49.781910596370182 ], [ 24.1311318362077, 49.781847131591931 ], [ 24.131295824635419, 49.781531098665063 ], [ 24.131347109921947, 49.781453982005523 ], [ 24.131211779425161, 49.78138272504038 ], [ 24.13103239795559, 49.781327680114153 ], [ 24.130492757966863, 49.781148268439232 ], [ 24.129926694202489, 49.780983146946504 ], [ 24.129434047108013, 49.780782757447632 ], [ 24.12919295100955, 49.78072585241587 ], [ 24.128869465652361, 49.780615728740997 ], [ 24.128196062656574, 49.780405007797654 ], [ 24.127487308169123, 49.780144829732045 ], [ 24.126637430738381, 49.779850502767133 ], [ 24.125678813554128, 49.779548638400428 ], [ 24.124299642933799, 49.779068185851294 ], [ 24.124070167356379, 49.778925625103504 ], [ 24.123964205141672, 49.778832453791019 ], [ 24.123781597682989, 49.778604217278613 ], [ 24.123501746129548, 49.778221908124401 ], [ 24.123375036875363, 49.778024083996414 ], [ 24.123321927277868, 49.777902325255958 ], [ 24.123256970577383, 49.777727293152154 ], [ 24.123238880428445, 49.777462779949694 ], [ 24.123247236256564, 49.777194445784865 ], [ 24.123237508536953, 49.776669210695339 ], [ 24.123204609338135, 49.776237583661278 ], [ 24.12316100230321, 49.775943089151852 ], [ 24.123091811996336, 49.775532912878212 ], [ 24.122833994288971, 49.774945477572786 ], [ 24.122528644690739, 49.774581506463804 ], [ 24.12219975469247, 49.774405666557875 ], [ 24.122120347586321, 49.774365756431074 ], [ 24.122039487463923, 49.774336321932054 ], [ 24.12195864524011, 49.774317344447567 ], [ 24.121301799602964, 49.774272137519482 ], [ 24.120406986496562, 49.774259448441569 ], [ 24.12003678237771, 49.774291104787821 ], [ 24.119384400008911, 49.774279195529409 ], [ 24.11874381490448, 49.774289145700649 ], [ 24.118088543978843, 49.774305775191912 ], [ 24.117464056056576, 49.77427669740532 ], [ 24.116964394756572, 49.774210427933518 ], [ 24.116682171516889, 49.774136398838635 ], [ 24.116100032937116, 49.773939822778338 ], [ 24.115789816884444, 49.773814420220113 ], [ 24.115413290018491, 49.773561564785822 ], [ 24.115183743084629, 49.773340009465635 ], [ 24.114373125786869, 49.772656393437828 ], [ 24.114218649695896, 49.772520419681499 ], [ 24.113867072072011, 49.772240895447482 ], [ 24.113616948341555, 49.772007936109645 ], [ 24.11331835207892, 49.771777860755051 ], [ 24.113177153187227, 49.771677085265388 ], [ 24.112981460332367, 49.771485005010646 ], [ 24.112710746535726, 49.77123491805213 ], [ 24.112444475451955, 49.7710029146332 ], [ 24.112172348704757, 49.770783285429772 ], [ 24.111666418402564, 49.770424874566487 ], [ 24.111519364018605, 49.770328868285148 ], [ 24.111378208372436, 49.770251875824577 ], [ 24.111057642888785, 49.770057016429398 ], [ 24.110694412096549, 49.769816499635404 ], [ 24.110459177131819, 49.76970151110708 ], [ 24.109621312306736, 49.769384218841346 ], [ 24.109186269608156, 49.769258874276531 ], [ 24.108636727690431, 49.769200211294269 ], [ 24.108270812837638, 49.769128117036402 ], [ 24.106724907420723, 49.768845474660942 ], [ 24.106563274345522, 49.768822731670831 ], [ 24.106229705209785, 49.768766785098386 ], [ 24.104835459314344, 49.769809499120612 ], [ 24.104091367707845, 49.770378938294137 ], [ 24.103179884320845, 49.771037899146968 ], [ 24.102453363499865, 49.771595895078072 ], [ 24.103104688806607, 49.771953308999784 ], [ 24.102887491480146, 49.77213802113706 ], [ 24.101810289121623, 49.77307491661491 ], [ 24.100988585570601, 49.773917455694402 ], [ 24.100404736452358, 49.774646635505306 ], [ 24.100215543196516, 49.774919826630651 ], [ 24.10005433954526, 49.775253897025962 ], [ 24.099837658539926, 49.775879161364628 ], [ 24.099535451403746, 49.776251759778617 ], [ 24.099575096410902, 49.776252298307377 ], [ 24.099535229034512, 49.776252319061982 ], [ 24.094771764734141, 49.782610378209768 ], [ 24.093724929424262, 49.784280025408243 ], [ 24.093349311712448, 49.784813055150885 ], [ 24.092129030211893, 49.787036380790752 ], [ 24.091260270145838, 49.788231890349053 ], [ 24.090708024665311, 49.788574686817746 ], [ 24.089861639285974, 49.788734913942484 ], [ 24.090861779615167, 49.789427184574272 ], [ 24.091343894179129, 49.789465030347245 ], [ 24.09213211411247, 49.789868117101193 ], [ 24.094119652614481, 49.790255416385314 ], [ 24.09413192712978, 49.790712140603119 ], [ 24.094649476393442, 49.790879365148008 ], [ 24.094650423139107, 49.791709093585297 ], [ 24.094145019510545, 49.791892025270606 ], [ 24.093863157629499, 49.79219664655929 ], [ 24.093312207810882, 49.793726957391094 ], [ 24.092619834661662, 49.794236508649952 ], [ 24.092618814324954, 49.794236508749748 ], [ 24.092409024255126, 49.794450624394997 ], [ 24.091986471059066, 49.794710297873159 ], [ 24.091798389098926, 49.794818763848944 ], [ 24.090785901200622, 49.795396720637775 ], [ 24.090880198214332, 49.795581004601516 ], [ 24.090950192124996, 49.795895039478211 ], [ 24.090927315773431, 49.796217817842958 ], [ 24.090317674539296, 49.796400831917111 ], [ 24.089892105883653, 49.796139956264888 ], [ 24.089822401151235, 49.796097267400867 ], [ 24.089845510716334, 49.795991250121126 ], [ 24.089586754848327, 49.795777874586683 ], [ 24.089114429405384, 49.795885016041971 ], [ 24.089376270653773, 49.796112343838253 ], [ 24.088557855701762, 49.796587506026405 ], [ 24.088463953577332, 49.796642191381956 ], [ 24.088374036267894, 49.79669436620123 ], [ 24.087383279145477, 49.797206096407578 ], [ 24.086590016078816, 49.79773927580311 ], [ 24.08607009113377, 49.798207634989694 ], [ 24.085180052002546, 49.799033912958251 ], [ 24.082836004136606, 49.801386984354906 ], [ 24.081347384395762, 49.80246165304213 ], [ 24.078859813321682, 49.805659040522748 ], [ 24.077928021135158, 49.808081753234816 ], [ 24.077928021135158, 49.808081753234816 ], [ 24.078508119821933, 49.808757118359978 ], [ 24.079169400000119, 49.8095197 ], [ 24.079714288740256, 49.809797516367247 ], [ 24.081174567801664, 49.810617214180184 ], [ 24.083033589902577, 49.810375246354674 ], [ 24.083424397667208, 49.810288577143453 ], [ 24.083824930303415, 49.810312972574401 ], [ 24.084254176362712, 49.810399053059697 ], [ 24.084836163927541, 49.810583752354141 ], [ 24.085089246238706, 49.810553309100875 ], [ 24.085193488072544, 49.810435394359089 ], [ 24.085336445178989, 49.810392094702813 ], [ 24.085508030138378, 49.810361115302257 ], [ 24.085832204420448, 49.810342364773462 ], [ 24.086738756315007, 49.810724277977485 ], [ 24.086910319565327, 49.810680955080201 ], [ 24.0874445099032, 49.810791628286417 ], [ 24.0874924644699, 49.810945860262947 ], [ 24.08737850134667, 49.811205115997716 ], [ 24.08736948509533, 49.811495146542015 ], [ 24.087837946365593, 49.812167402554444 ], [ 24.08824381161207, 49.812494143858189 ], [ 24.088301797848196, 49.812919879414991 ], [ 24.089069662747516, 49.814525622827126 ], [ 24.088970544296398, 49.814568668899852 ], [ 24.089073265740744, 49.815011164798804 ], [ 24.088940026081836, 49.815159363759996 ], [ 24.089236524991684, 49.815634282018301 ], [ 24.088093185352303, 49.816494220453649 ], [ 24.087686145349469, 49.816908686371505 ], [ 24.08719169233191, 49.817229029080337 ], [ 24.0868425333998, 49.81732333098752 ], [ 24.086377797221278, 49.818283931991751 ], [ 24.086145267470954, 49.818604163319151 ], [ 24.085715421921972, 49.819307396692622 ], [ 24.08644262273139, 49.819062049759268 ], [ 24.087344514188025, 49.8188542304432 ], [ 24.089788026140237, 49.818136775121033 ], [ 24.090079072966539, 49.818136550414749 ], [ 24.090137456372357, 49.818230662836733 ], [ 24.090428294231966, 49.818117448312229 ], [ 24.090924056809449, 49.81864434483974 ], [ 24.09083681201087, 49.818682075941844 ], [ 24.090980049856618, 49.818918535058501 ], [ 24.091161957048136, 49.818918392830234 ], [ 24.091889973964946, 49.819123790446653 ], [ 24.092299211164285, 49.819094042620797 ], [ 24.092355867290195, 49.819705484759076 ], [ 24.092128478542989, 49.819705588758069 ], [ 24.091711220660493, 49.820801112823339 ], [ 24.091666405943037, 49.821154238878798 ], [ 24.091984702676022, 49.821124563711962 ], [ 24.093233392722873, 49.821634669707791 ], [ 24.093146288270297, 49.821747728439092 ], [ 24.093495895468259, 49.821916931858347 ], [ 24.093554253919304, 49.821992211015285 ], [ 24.093488239920877, 49.822327551787779 ], [ 24.093284572520759, 49.822402973243697 ], [ 24.09310992825619, 49.822403054557121 ], [ 24.091946042372523, 49.822780221204958 ], [ 24.092100967618929, 49.823085596482073 ], [ 24.09271272965054, 49.823348752136489 ], [ 24.092742983895384, 49.823951336033971 ], [ 24.093267147105959, 49.824063906461781 ], [ 24.093383760426942, 49.824157970510086 ], [ 24.093790986641459, 49.824006991294816 ], [ 24.094169247731081, 49.823931360063902 ], [ 24.094547799857985, 49.824006379351253 ], [ 24.094839541391302, 49.824345109098935 ], [ 24.094713676773591, 49.824888065235221 ], [ 24.094073388124656, 49.824982527783455 ], [ 24.093695141241501, 49.825133358656267 ], [ 24.09282164193154, 49.82492661858592 ], [ 24.092588480817618, 49.824663084224625 ], [ 24.092413766480334, 49.824606669819815 ], [ 24.091919041294144, 49.824719885158494 ], [ 24.091278668594107, 49.82473900604414 ], [ 24.090637856366712, 49.824343829112841 ], [ 24.090725082050565, 49.824249632555578 ], [ 24.090521262914688, 49.824193228221084 ], [ 24.090375899331594, 49.824362776564627 ], [ 24.08985202394663, 49.824438332809677 ], [ 24.089124502615068, 49.824626963925617 ], [ 24.08910611446202, 49.824858086763911 ], [ 24.088659684201399, 49.825531078203809 ], [ 24.088281244825648, 49.825512407403608 ], [ 24.087932179654956, 49.825757364916576 ], [ 24.086738952744827, 49.826021501997623 ], [ 24.086389509975419, 49.825889823760491 ], [ 24.08598161438276, 49.825513357735808 ], [ 24.085835995780204, 49.825438090122375 ], [ 24.085807356681521, 49.825927722273867 ], [ 24.085108782211563, 49.825984495563553 ], [ 24.084977718290197, 49.82590922111627 ], [ 24.084541251912029, 49.826097708175595 ], [ 24.084512423571304, 49.826399024419921 ], [ 24.084396019522476, 49.826436732956786 ], [ 24.084250557899708, 49.826530947347003 ], [ 24.08419836614663, 49.826753180012879 ], [ 24.084082037616191, 49.826873747063381 ], [ 24.083756046383233, 49.826919068486717 ], [ 24.083360121728795, 49.826889089402975 ], [ 24.083033993676121, 49.826783756374581 ], [ 24.082871153812697, 49.826979666011603 ], [ 24.082871153812697, 49.826979666011603 ], [ 24.082684943462976, 49.827085192697325 ], [ 24.08249861136164, 49.827055131908097 ], [ 24.082289018112217, 49.82705520995605 ], [ 24.081101192976359, 49.826904992646973 ], [ 24.080705205668053, 49.826799678281169 ], [ 24.078329791482737, 49.826755308147895 ], [ 24.078283639996712, 49.827282607341658 ], [ 24.078167476886712, 49.82762914706921 ], [ 24.078004554316365, 49.827749723642633 ], [ 24.077492279195813, 49.827840285339654 ], [ 24.076490930810053, 49.827915937771721 ], [ 24.075815517296238, 49.827855891938846 ], [ 24.073777803502047, 49.827901712912869 ], [ 24.073358736838735, 49.828082619984386 ], [ 24.073494506928391, 49.828337736788221 ], [ 24.073704446087383, 49.828563582084136 ], [ 24.073448904585852, 49.828985568486182 ], [ 24.073495800151303, 49.829196451520588 ], [ 24.073263022589622, 49.829271923902567 ], [ 24.073286877287778, 49.829648538495384 ], [ 24.073751706639477, 49.829015507755557 ], [ 24.074124376040455, 49.829045401845796 ], [ 24.074427293772196, 49.829150665197801 ], [ 24.073846184803294, 49.829889228598098 ], [ 24.074102436798903, 49.829934261596904 ], [ 24.07466142893292, 49.829964035411805 ], [ 24.074824478059831, 49.829978996086297 ], [ 24.074848275906728, 49.830310414807222 ], [ 24.074918422279488, 49.830491151931639 ], [ 24.074942267302159, 49.83085270093305 ], [ 24.075198478966335, 49.830867601169281 ], [ 24.075199105883534, 49.831274360601341 ], [ 24.074665574783527, 49.83174308093745 ], [ 24.073745775837271, 49.831984402210331 ], [ 24.073633005684592, 49.832030709255541 ], [ 24.073633005684592, 49.832030709255541 ], [ 24.074187614490651, 49.832344636062651 ], [ 24.074956203475264, 49.832344144570961 ], [ 24.075445235655359, 49.83229863366806 ], [ 24.076795731945246, 49.832071774375983 ], [ 24.07705190302357, 49.832056540187118 ], [ 24.077307906814717, 49.831935849304948 ], [ 24.077587295497601, 49.831875403003473 ], [ 24.077658366189478, 49.831711996948023 ], [ 24.079612695058522, 49.831346756200539 ], [ 24.080287710959507, 49.831105250359762 ], [ 24.081545067407937, 49.83092359533309 ], [ 24.083082379720786, 49.831027965839318 ], [ 24.083501985582124, 49.831253643635414 ], [ 24.083618590822422, 49.831343951101239 ], [ 24.083618797500826, 49.83146447238294 ], [ 24.084376561540633, 49.831946011889137 ], [ 24.085471103661568, 49.831884953498829 ], [ 24.086215941888376, 49.831628296739837 ], [ 24.086332179589128, 49.831507689246102 ], [ 24.086751375779777, 49.831492312713685 ], [ 24.087030615636078, 49.831356517859533 ], [ 24.08728675271794, 49.831326195894725 ], [ 24.087449594098125, 49.831220617529461 ], [ 24.088451092627729, 49.831234926684928 ], [ 24.088660812540802, 49.831295027991061 ], [ 24.088707639406202, 49.831430578957963 ], [ 24.088707803900085, 49.831520969906009 ], [ 24.089686185128521, 49.831625677063123 ], [ 24.089874135501844, 49.831677173087016 ], [ 24.090477605193648, 49.831384022210898 ], [ 24.090664206264414, 49.831534528919342 ], [ 24.092048918975873, 49.83097603127225 ], [ 24.092421614636514, 49.831005866510381 ], [ 24.093073243333087, 49.830749239559729 ], [ 24.095263398370804, 49.829550494685527 ], [ 24.096543492767484, 49.828856867702982 ], [ 24.098358565463339, 49.827650736498867 ], [ 24.100231483323789, 49.826218567439163 ], [ 24.10137126980629, 49.825193524928956 ], [ 24.10276716233075, 49.824168330919044 ], [ 24.103945437511634, 49.823343032749214 ], [ 24.103999891531277, 49.823067884906315 ], [ 24.103720136518525, 49.822826996759602 ], [ 24.104406105037931, 49.822103480607758 ], [ 24.104103188800657, 49.821952997933685 ], [ 24.104303020132924, 49.821775931758722 ], [ 24.10474560623015, 49.821850860374965 ], [ 24.105048090604605, 49.821745131356174 ], [ 24.10523408150231, 49.821609376508995 ], [ 24.105746491127942, 49.821669172954657 ], [ 24.106036823870035, 49.821437133438792 ], [ 24.106036823870035, 49.821437133438792 ], [ 24.106126363430484, 49.820008428925235 ], [ 24.106491443141326, 49.81461484982848 ], [ 24.106732122052897, 49.814527361360987 ], [ 24.108269269716285, 49.814766985168703 ], [ 24.110124097959613, 49.815049577927816 ], [ 24.110809075882738, 49.815668508000378 ], [ 24.110982072164582, 49.816162766964624 ], [ 24.110601584802222, 49.816572618622494 ], [ 24.113538680997632, 49.818046181367372 ], [ 24.113261238224361, 49.818890103766854 ], [ 24.114867485167274, 49.818737877101114 ], [ 24.115473655286561, 49.819068711819497 ], [ 24.113463662457058, 49.821706336851562 ], [ 24.112288717220263, 49.822354889615845 ], [ 24.111753367398634, 49.822505878414724 ], [ 24.10979826846695, 49.823139826082134 ], [ 24.109123184297456, 49.823290887697809 ], [ 24.10643913810042, 49.824289886849428 ], [ 24.10532960737806, 49.824829769177327 ], [ 24.103316808942509, 49.825990923911412 ], [ 24.102339846056466, 49.826850179151499 ], [ 24.101013790517278, 49.82792052605808 ], [ 24.098360732514852, 49.829428434126584 ], [ 24.096975971370465, 49.830227589973987 ], [ 24.09641719722967, 49.830378519380737 ], [ 24.093064935603703, 49.832496806939787 ], [ 24.092785964254908, 49.832768202675865 ], [ 24.092949545588109, 49.83305431058448 ], [ 24.092426614540269, 49.833642268506296 ], [ 24.092380060953513, 49.833694792304009 ], [ 24.09210104136627, 49.834131811548886 ], [ 24.091356214264206, 49.834599170942482 ], [ 24.090729246490802, 49.835195315585835 ], [ 24.090588719023881, 49.835669144569238 ], [ 24.090309386306338, 49.83583498545967 ], [ 24.088376747018906, 49.83645349510639 ], [ 24.088073836345803, 49.836348166577892 ], [ 24.086676840483559, 49.836921225225218 ], [ 24.086420750804123, 49.837056916749326 ], [ 24.085349619405573, 49.837418913138357 ], [ 24.085224917241355, 49.837609898462219 ], [ 24.085598426936876, 49.838076644717198 ], [ 24.08536620607924, 49.838483574412102 ], [ 24.085786443935085, 49.839025611546944 ], [ 24.087021283130632, 49.839175347481884 ], [ 24.088209923856535, 49.839536017459679 ], [ 24.08900106763371, 49.839068395876424 ], [ 24.089210160221221, 49.838766932767768 ], [ 24.092099085423392, 49.839035857517779 ], [ 24.093612631016978, 49.838748412919003 ], [ 24.093612631016978, 49.838748412919003 ], [ 24.093775367526742, 49.838582565247393 ], [ 24.095079689246912, 49.838521247143703 ], [ 24.095168830584765, 49.838423960316845 ], [ 24.095144390427908, 49.83742966766507 ], [ 24.094328840332103, 49.837173949429022 ], [ 24.094305085348893, 49.83676719974271 ], [ 24.096031189949652, 49.836727712031099 ], [ 24.097312707947872, 49.836937560551391 ], [ 24.098610845514941, 49.837380113321103 ], [ 24.098188366953078, 49.837620956146452 ], [ 24.0979756355575, 49.838362311020362 ], [ 24.096725421467116, 49.838702275641602 ], [ 24.096389750725375, 49.839425933030746 ], [ 24.09614361225632, 49.840305255215576 ], [ 24.096238000427924, 49.841211049362236 ], [ 24.09797340430589, 49.841509987123587 ], [ 24.104108567655661, 49.842347572469428 ], [ 24.104462712374087, 49.842334905841085 ], [ 24.104500874806202, 49.84225910185922 ], [ 24.104536103715304, 49.842201991274862 ], [ 24.104918780185162, 49.842293120360672 ], [ 24.105383852774761, 49.842388007862063 ], [ 24.106428777263442, 49.842585321933001 ], [ 24.107208865577579, 49.842784685245086 ], [ 24.107391249086916, 49.842737002718046 ], [ 24.107556109880637, 49.842784481098676 ], [ 24.108718845370877, 49.843044505487292 ], [ 24.110320285767521, 49.843450783504231 ], [ 24.112218972658102, 49.843860658175394 ], [ 24.112400665935024, 49.843356240162535 ], [ 24.112547812672048, 49.843365662496723 ], [ 24.112803923839056, 49.843426397089331 ], [ 24.113622162710445, 49.843528638539119 ], [ 24.113563659914409, 49.843758943150696 ], [ 24.113537533906175, 49.843991129761086 ], [ 24.114402535640192, 49.843878293126778 ], [ 24.115808807708461, 49.843641396974341 ], [ 24.116576455342724, 49.843382075148988 ], [ 24.117655756649761, 49.842958876463278 ], [ 24.118067482252723, 49.842802548911344 ], [ 24.118152728730102, 49.842747302677452 ], [ 24.11819382797945, 49.842686377825203 ], [ 24.11823191587148, 49.842585491270711 ], [ 24.118246477863227, 49.842490329924189 ], [ 24.118269535711399, 49.842193441013087 ], [ 24.118354246694238, 49.841810873891781 ], [ 24.118362811029854, 49.841647206940983 ], [ 24.118315560545156, 49.841544475502005 ], [ 24.118179825752954, 49.841316204458245 ], [ 24.117938250321828, 49.84114128979131 ], [ 24.117567255299175, 49.841004522285793 ], [ 24.116478153331489, 49.840788307388721 ], [ 24.114517900576292, 49.840473693731596 ], [ 24.114324284749809, 49.840854426218847 ], [ 24.113341104760622, 49.840622888686802 ], [ 24.113534629184841, 49.840173649297164 ], [ 24.112498546420291, 49.839972586938707 ], [ 24.112586259426187, 49.839599537306896 ], [ 24.111868191631167, 49.839539092584808 ], [ 24.112026009397965, 49.838819646417953 ], [ 24.11267901913822, 49.8386784100691 ], [ 24.112742744306814, 49.838012308704187 ], [ 24.112940233722441, 49.836303258976592 ], [ 24.113125486927327, 49.83430114873989 ], [ 24.113236419671061, 49.833311507631564 ], [ 24.114565647178665, 49.833325868211908 ], [ 24.116011953094397, 49.832552286010007 ], [ 24.116228884191056, 49.832061159099624 ], [ 24.116275897281952, 49.832023067662547 ], [ 24.116875882827919, 49.831900873365377 ], [ 24.116934718475427, 49.831897027810129 ], [ 24.116981810173243, 49.831908414621807 ], [ 24.117034841021237, 49.831954051497803 ], [ 24.117158463189146, 49.83199202865427 ], [ 24.117276171399869, 49.832007173980315 ], [ 24.117240486714497, 49.831771221250385 ], [ 24.117281069445337, 49.831394393653262 ], [ 24.117828248158947, 49.831371187144143 ], [ 24.11816938347566, 49.831287221566861 ], [ 24.120464071916508, 49.831239963697755 ], [ 24.120717164294238, 49.831289264649321 ], [ 24.120876131094825, 49.831346243644283 ], [ 24.121341484225439, 49.83165040095075 ], [ 24.121518318165144, 49.831836772624634 ], [ 24.121672128139121, 49.83232003521762 ], [ 24.121754656238252, 49.832407515276024 ], [ 24.1219489590476, 49.83248349827462 ], [ 24.12214909494153, 49.832525222707289 ], [ 24.122628164093996, 49.832549523231506 ], [ 24.123152997425159, 49.832549144444698 ], [ 24.123394765215235, 49.832530200616205 ], [ 24.123665537944358, 49.832504978979792 ], [ 24.123887917627137, 49.83246102352507 ], [ 24.124139280011207, 49.832398277878056 ], [ 24.124458312563025, 49.832316713410876 ], [ 24.12484489308649, 49.832147511674833 ], [ 24.12527011411759, 49.831953255248493 ], [ 24.125617968034533, 49.831765311119888 ], [ 24.126042992247655, 49.831464696919141 ], [ 24.126274756089714, 49.831264325325421 ], [ 24.12655451615819, 49.830863719311672 ], [ 24.126727872749111, 49.830456936778589 ], [ 24.126844512141052, 49.830179475403156 ], [ 24.126895427030441, 49.829981521384433 ], [ 24.126953192584814, 49.829387731070952 ], [ 24.127175923851006, 49.828915608550822 ], [ 24.127493019529705, 49.828572820044855 ], [ 24.127716109951113, 49.828306225095467 ], [ 24.127880284190169, 49.82799400118811 ], [ 24.128009419063748, 49.827826436913234 ], [ 24.128350106215088, 49.827521689251689 ], [ 24.128526405264001, 49.827407369585096 ], [ 24.129397380825285, 49.827520879323373 ], [ 24.132127634304599, 49.827670966462357 ], [ 24.133198549883719, 49.827723386905596 ], [ 24.135081400840768, 49.82777513108703 ], [ 24.135128109029814, 49.827592400273964 ], [ 24.135413538845572, 49.82763403124077 ], [ 24.136046211381728, 49.827728655656216 ], [ 24.136634632273438, 49.827758611749552 ], [ 24.136993536961768, 49.827762115731538 ], [ 24.137134760389319, 49.827769608800793 ], [ 24.137599841411266, 49.827906233627722 ], [ 24.13794123561015, 49.827978257727771 ], [ 24.13841787040672, 49.828008299910636 ], [ 24.13881213395581, 49.828038410928379 ], [ 24.139453552967872, 49.828087337831505 ], [ 24.139800637621807, 49.82806420041323 ], [ 24.139994839434479, 49.828083062417811 ], [ 24.140300888541407, 49.828132273491839 ], [ 24.14050103132071, 49.828181578528572 ], [ 24.141060321464703, 49.828344750045567 ], [ 24.141437066460984, 49.828435763447182 ], [ 24.142266677824711, 49.828442641234339 ], [ 24.143360992867592, 49.828418826530594 ], [ 24.144396428116586, 49.828376026463076 ], [ 24.146049238005833, 49.828149955487177 ], [ 24.149278427509742, 49.827743491174026 ], [ 24.150415977730383, 49.827571131804461 ], [ 24.150992322473009, 49.827464007996781 ], [ 24.151435903365165, 49.829101142820399 ], [ 24.151649573533298, 49.829903066022929 ], [ 24.151716360798549, 49.830158007656998 ], [ 24.156520713902736, 49.830155569277309 ], [ 24.15612451587819, 49.829005218045261 ], [ 24.155595291551048, 49.828312039112653 ], [ 24.155417211507938, 49.82765757384459 ], [ 24.155368647802952, 49.827033425408075 ], [ 24.155331302407099, 49.826339369184666 ], [ 24.155239059513271, 49.825739489346248 ], [ 24.155211843567706, 49.825425514866986 ], [ 24.155196353804584, 49.825100112423463 ], [ 24.155622379169259, 49.824888447116265 ], [ 24.155380750759864, 49.824713609474763 ], [ 24.155253411661462, 49.824609335400773 ], [ 24.155478500115279, 49.823527048401019 ], [ 24.15573076134396, 49.822336698590114 ], [ 24.15575556019434, 49.82221243347535 ], [ 24.155911624720858, 49.821566438491793 ], [ 24.15617017677377, 49.820472362452293 ], [ 24.156235654005158, 49.820009119795898 ], [ 24.156768480662905, 49.82004089534491 ], [ 24.157284607189649, 49.820051142357755 ], [ 24.157834057068602, 49.820072124527456 ], [ 24.158305084733577, 49.820072936979884 ], [ 24.159226209134747, 49.820035216175604 ], [ 24.159934729820201, 49.82002535753012 ], [ 24.159712538339459, 49.818561351999982 ], [ 24.159583528842287, 49.817710768897058 ], [ 24.159472758559588, 49.817106486897607 ], [ 24.159355449510787, 49.816707478429699 ], [ 24.159110844239571, 49.815840695316567 ], [ 24.159011484989506, 49.815503008494751 ], [ 24.158750925562707, 49.814795346119332 ], [ 24.158447960792369, 49.814177168846697 ], [ 24.158167416344099, 49.813707407272751 ], [ 24.157368315730231, 49.812426205195834 ], [ 24.157306842716572, 49.812330279173786 ], [ 24.157059891300566, 49.812386874025705 ], [ 24.155757726626288, 49.812653665725989 ], [ 24.154935354154166, 49.813103607901333 ], [ 24.154512481991077, 49.81336664873912 ], [ 24.154412595491362, 49.813408615616453 ], [ 24.154330293665865, 49.813427728090304 ], [ 24.154236128700756, 49.813404984708846 ], [ 24.153806098989161, 49.813127566584576 ], [ 24.153435125638456, 49.812949046197978 ], [ 24.15304041341556, 49.812679202693907 ], [ 24.152793115844602, 49.812565263164913 ], [ 24.152652058807178, 49.812611072811087 ], [ 24.152275761489001, 49.812668532589456 ], [ 24.152005338514886, 49.812729692124293 ], [ 24.151464407276841, 49.812810146198899 ], [ 24.151329256509531, 49.812867369136967 ], [ 24.151205790118919, 49.812890323147968 ], [ 24.151082244668881, 49.812879024012688 ], [ 24.15092927924135, 49.812860143011555 ], [ 24.150705759820923, 49.812856552065554 ], [ 24.150458894236365, 49.812929103758059 ], [ 24.150435820263777, 49.813127043128986 ], [ 24.150431054635895, 49.813614225168806 ], [ 24.150472577264988, 49.813766428822348 ], [ 24.151567325703034, 49.814077472201319 ], [ 24.152038100675377, 49.814172166314172 ], [ 24.152185239730851, 49.814210084432403 ], [ 24.151873896824199, 49.814381661630279 ], [ 24.151750409196278, 49.814397006146265 ], [ 24.151268457250939, 49.814557328788617 ], [ 24.150386806209717, 49.814839882650119 ], [ 24.150386782006464, 49.81482931591114 ], [ 24.149661313149078, 49.815019405541193 ], [ 24.149625784773157, 49.814912869619747 ], [ 24.149430880032813, 49.814562896651822 ], [ 24.148449025309837, 49.814757934867991 ], [ 24.148053660344193, 49.814191200408892 ], [ 24.147812589392156, 49.81422948792212 ], [ 24.147641789562559, 49.814130690310932 ], [ 24.147300571694085, 49.814100559833832 ], [ 24.146900331515049, 49.813979137982386 ], [ 24.146682427984196, 49.813857545848975 ], [ 24.146358505693126, 49.813667540783563 ], [ 24.146169888835114, 49.813488828472046 ], [ 24.146016487900489, 49.813272024177742 ], [ 24.145933747845273, 49.813093213873366 ], [ 24.145968804797668, 49.812986611793519 ], [ 24.146086149021414, 49.812853290866464 ], [ 24.146450237363933, 49.812590332960198 ], [ 24.146979028957983, 49.812334835379069 ], [ 24.147355114534285, 49.812180683151141 ], [ 24.147288664686219, 49.812180745122923 ], [ 24.147931208347568, 49.812043125318411 ], [ 24.148142823642672, 49.811985834506977 ], [ 24.148866085314925, 49.811905225787939 ], [ 24.149271737681037, 49.811824912343333 ], [ 24.149800774865177, 49.8116873898745 ], [ 24.150379374658943, 49.811596136169477 ], [ 24.153083214476407, 49.81086590634996 ], [ 24.153412262725539, 49.810728561454589 ], [ 24.155174315559623, 49.809722007494535 ], [ 24.15528804749955, 49.809657679994615 ], [ 24.152214397884393, 49.805832768590008 ], [ 24.150419812690213, 49.8035456390582 ], [ 24.150386822013672, 49.803503105062319 ], [ 24.150363188707068, 49.803472626005451 ], [ 24.150230248698179, 49.803672187887834 ], [ 24.149396036265951, 49.803774246862332 ], [ 24.148770330206954, 49.803831097166224 ], [ 24.147623169304513, 49.803922187292486 ], [ 24.146781671012757, 49.804007502130915 ], [ 24.146615103660906, 49.804024388709692 ], [ 24.146111007315664, 49.804047357576557 ], [ 24.145658915567534, 49.804002767839123 ], [ 24.145276239032476, 49.803901855620161 ], [ 24.14451091512964, 49.803711278806055 ], [ 24.143154054016055, 49.803296199960947 ], [ 24.142927940788674, 49.80324014526645 ], [ 24.142632363806069, 49.80321790646439 ], [ 24.141259330875666, 49.803365392140613 ], [ 24.139104187480324, 49.803603549729473 ], [ 24.137991896579543, 49.803750771692698 ], [ 24.136670129174174, 49.803470604384728 ], [ 24.136157918539823, 49.803295037242805 ], [ 24.136150339260293, 49.803276736611558 ], [ 24.136136891299429, 49.802431795901505 ], [ 24.136077493111102, 49.802134970274423 ], [ 24.135923832081506, 49.801746880077602 ], [ 24.135758632796041, 49.801472979376939 ], [ 24.135545848158749, 49.80092507954658 ], [ 24.136345425787017, 49.800848289279003 ], [ 24.136286454329792, 49.800764603367362 ], [ 24.13542811086548, 49.800856666624895 ], [ 24.135392798261051, 49.800841471328532 ], [ 24.13529812435592, 49.800544674486119 ], [ 24.135185769240017, 49.800226960556977 ], [ 24.13516737244392, 49.799844459801157 ], [ 24.135222553825407, 49.799498063120694 ], [ 24.135260448335941, 49.799334367214179 ], [ 24.135301331277777, 49.799193510113021 ], [ 24.135588147970175, 49.798534816510355 ], [ 24.136033376737277, 49.797704717434932 ], [ 24.135950729573263, 49.797537315722174 ], [ 24.135963911835294, 49.797521150291907 ], [ 24.135921400369313, 49.797303289691435 ], [ 24.135858040373243, 49.797180775990128 ], [ 24.13589962967492, 49.796935608205516 ], [ 24.135940811730425, 49.796486163134418 ], [ 24.135499114433188, 49.796541004913415 ], [ 24.135437132506567, 49.797113033641452 ], [ 24.135416687346158, 49.797412657724188 ], [ 24.135269577711725, 49.797494490754552 ], [ 24.135122279329163, 49.797480994221978 ], [ 24.133523094112334, 49.797359739852745 ], [ 24.133439256257073, 49.797523230089674 ], [ 24.133104109819541, 49.79828613823846 ], [ 24.132601527573083, 49.799512209338062 ], [ 24.129909366520014, 49.800004613005093 ], [ 24.12854225055662, 49.800264426076701 ], [ 24.128500270733579, 49.800318932410207 ], [ 24.128563891896473, 49.800591253329543 ], [ 24.128641824692551, 49.800724388994873 ], [ 24.128612381577408, 49.800826387285163 ] ] ] ] } },
{ "type": "Feature", "properties": { "fid": 4, "MOID": "2683390582172157099", "ID": "7", "NAME": "Брюховицька громада", "EDITOR_DAT": null, "KOATUU": "4610166300" }, "geometry": { "type": "MultiPolygon", "coordinates": [ [ [ [ 23.915781870701426, 49.880295094272583 ], [ 23.914776344702201, 49.880410379946881 ], [ 23.913858666002724, 49.88052928343803 ], [ 23.912619896125804, 49.880681129567279 ], [ 23.912175065248753, 49.880731072693436 ], [ 23.911353205005529, 49.880809144652702 ], [ 23.910248479646636, 49.880938278803683 ], [ 23.909886103239359, 49.880989255266996 ], [ 23.909220357671103, 49.881056067855567 ], [ 23.908675331892837, 49.881123965231488 ], [ 23.90864576477848, 49.881169602920998 ], [ 23.908626129827059, 49.881351320898695 ], [ 23.908613455029929, 49.882775715634203 ], [ 23.908607016184977, 49.882976476713168 ], [ 23.908375681872169, 49.883031404284523 ], [ 23.907631651862825, 49.883168529964706 ], [ 23.906585446207831, 49.883414731967378 ], [ 23.905773495472129, 49.88361456859667 ], [ 23.905724760056316, 49.883666845226152 ], [ 23.905755442654282, 49.883755371199776 ], [ 23.906256321146444, 49.884080410930189 ], [ 23.907558331749314, 49.885221460345051 ], [ 23.907893286166132, 49.885518711283304 ], [ 23.90874066861204, 49.885839375606587 ], [ 23.908987617979623, 49.886010923141399 ], [ 23.909163726555917, 49.886239486517574 ], [ 23.909304706568243, 49.886388077880184 ], [ 23.90958717545826, 49.886491158599057 ], [ 23.909957862050849, 49.886651424041027 ], [ 23.910257982732837, 49.886765941081649 ], [ 23.910469688209027, 49.886903191373371 ], [ 23.910628414217584, 49.88702896863591 ], [ 23.910751933722228, 49.887097615260103 ], [ 23.911034302476914, 49.887246361068506 ], [ 23.911387380427151, 49.887383770272642 ], [ 23.912782371650032, 49.887819185820007 ], [ 23.91405386066392, 49.888185945993811 ], [ 23.915482114333425, 49.889454886068606 ], [ 23.915940825947125, 49.889763663801681 ], [ 23.91625845745066, 49.889958111794904 ], [ 23.917457797661573, 49.890929913376048 ], [ 23.918198579585425, 49.891535848694545 ], [ 23.918798225244778, 49.892050286536119 ], [ 23.919027617369693, 49.892198962092849 ], [ 23.919209520124046, 49.892492215100937 ], [ 23.919473761030627, 49.892844545077402 ], [ 23.919591131462361, 49.893031160264634 ], [ 23.919691083870347, 49.89311689817977 ], [ 23.920084315469545, 49.893726268492564 ], [ 23.92067725192782, 49.894590845334989 ], [ 23.921810102768749, 49.896340871518596 ], [ 23.92185704028125, 49.89642274773253 ], [ 23.922194644539239, 49.896912164644057 ], [ 23.922306113432292, 49.897108284013008 ], [ 23.922450032201645, 49.897291121230666 ], [ 23.923069467951414, 49.898193772832023 ], [ 23.923122262753317, 49.898294684806743 ], [ 23.923342343158563, 49.898660284868967 ], [ 23.923591899929228, 49.89901829732473 ], [ 23.923806310428212, 49.899296350828124 ], [ 23.92408219836501, 49.899736221430238 ], [ 23.924223114184603, 49.899947596824497 ], [ 23.924531311169908, 49.900431266129154 ], [ 23.924775004596306, 49.900787373666745 ], [ 23.924079227199918, 49.900984596881472 ], [ 23.923914153709745, 49.901018687611909 ], [ 23.923725600558051, 49.901014693874941 ], [ 23.923596018611878, 49.900991728225442 ], [ 23.923513522679229, 49.900991645935107 ], [ 23.923383735762698, 49.901060025879715 ], [ 23.923147667490802, 49.901212028811777 ], [ 23.92293518647033, 49.90135644713726 ], [ 23.92274634801683, 49.901470435754739 ], [ 23.922569275584461, 49.901592052458838 ], [ 23.922427443144656, 49.901766985181503 ], [ 23.922391737887917, 49.901911580416623 ], [ 23.922297050270963, 49.902078948292527 ], [ 23.922285264873402, 49.902078936408166 ], [ 23.922243848955258, 49.902145156496466 ], [ 23.922290733011167, 49.902251774137994 ], [ 23.922672771843406, 49.902659400953887 ], [ 23.923354865400022, 49.903272855193222 ], [ 23.923660761454805, 49.903490102802621 ], [ 23.924224993183447, 49.904114852559026 ], [ 23.925030141190774, 49.905032900936519 ], [ 23.926464993278145, 49.904440564985684 ], [ 23.926510706574017, 49.904421579015349 ], [ 23.927483162787041, 49.905142131382988 ], [ 23.927509860589009, 49.905224215462781 ], [ 23.927404543897079, 49.905236932804534 ], [ 23.926909505088538, 49.905247872635485 ], [ 23.92697381675681, 49.905468683266413 ], [ 23.926978287897949, 49.906081457953974 ], [ 23.926954476623134, 49.906184199100444 ], [ 23.926800899582375, 49.906336289173474 ], [ 23.9261694937031, 49.90669724863546 ], [ 23.926086836686189, 49.906761871398558 ], [ 23.926463289332933, 49.907066720148926 ], [ 23.92644558945095, 49.907075263325666 ], [ 23.924705193815157, 49.907871873173249 ], [ 23.924476602642404, 49.907971553517925 ], [ 23.924270676368003, 49.908061033076486 ], [ 23.924257053596143, 49.908065415111388 ], [ 23.924251676403173, 49.908070225424524 ], [ 23.924245042290281, 49.908073135701684 ], [ 23.923973427588667, 49.908289808249613 ], [ 23.9209507648801, 49.910440974975707 ], [ 23.92238337760633, 49.910252123319047 ], [ 23.923401471523636, 49.910877332731786 ], [ 23.924565681408474, 49.912035519792035 ], [ 23.925837138280659, 49.913356826870533 ], [ 23.925337421710498, 49.913784981225994 ], [ 23.924820509698819, 49.914208674530158 ], [ 23.924313933364889, 49.914621270978031 ], [ 23.924423832268456, 49.914690229369164 ], [ 23.927239528680136, 49.91542168186642 ], [ 23.927845050696128, 49.915591188342738 ], [ 23.92784509352169, 49.915591241880485 ], [ 23.928248430959137, 49.915806843075543 ], [ 23.929064043720729, 49.916244122467717 ], [ 23.930324405360967, 49.916918107497757 ], [ 23.930833958090826, 49.917192125921588 ], [ 23.931210745849935, 49.917176216635148 ], [ 23.931328636655515, 49.917176326378126 ], [ 23.931517329774561, 49.917146053188596 ], [ 23.931963925309546, 49.917104600290848 ], [ 23.932507797369592, 49.917053722238919 ], [ 23.938202938794564, 49.916524076314403 ], [ 23.943779943177709, 49.916060662034639 ], [ 23.943802799731735, 49.916426059592787 ], [ 23.944958240192854, 49.91635088307649 ], [ 23.944975611920849, 49.916510752313144 ], [ 23.944975478386358, 49.916579257149245 ], [ 23.945010096161649, 49.916963694361648 ], [ 23.945062650196189, 49.917218739598596 ], [ 23.945085731888021, 49.917473760879702 ], [ 23.945096565198675, 49.917964744357477 ], [ 23.945096424410202, 49.918037059633633 ], [ 23.945096342900825, 49.918078926372033 ], [ 23.945090270397554, 49.918170267197404 ], [ 23.945119684452287, 49.918200739653948 ], [ 23.945213939938199, 49.91823126029459 ], [ 23.946280884353548, 49.918216900400637 ], [ 23.947795815752752, 49.918206686426132 ], [ 23.9490927289729, 49.918150610547777 ], [ 23.949122556935549, 49.917960330072795 ], [ 23.949032372860845, 49.91739459497115 ], [ 23.949292643401286, 49.917321478429038 ], [ 23.949414432262881, 49.917332237344176 ], [ 23.949646521917149, 49.9173543111378 ], [ 23.949918099776841, 49.91737795057589 ], [ 23.950110074018994, 49.917394095055037 ], [ 23.950430028926828, 49.917422334879014 ], [ 23.950904799374001, 49.917465355561745 ], [ 23.951707778091635, 49.917540616049969 ], [ 23.95189355748122, 49.917558085967698 ], [ 23.95200296253903, 49.917567499770875 ], [ 23.951986164601454, 49.91772345593229 ], [ 23.951935791795531, 49.918179326794004 ], [ 23.951904367895974, 49.91843125270308 ], [ 23.952342029832291, 49.918450244349131 ], [ 23.953149225191279, 49.91848683907287 ], [ 23.953644687614407, 49.918511200954974 ], [ 23.953913342634237, 49.918366094656321 ], [ 23.954708963468331, 49.917937429801157 ], [ 23.954703788117701, 49.917354875915869 ], [ 23.955686663767658, 49.917329640857531 ], [ 23.957887426967538, 49.917095614110629 ], [ 23.960344894461663, 49.916834815608311 ], [ 23.960667559864554, 49.916864395655175 ], [ 23.961250741735999, 49.917405932699488 ], [ 23.960621720106701, 49.91794140597591 ], [ 23.961720374882361, 49.91840243597688 ], [ 23.961755824478129, 49.918548011413286 ], [ 23.961732992215111, 49.918658074238643 ], [ 23.961519664883564, 49.918883207558764 ], [ 23.963315597884677, 49.920094246410493 ], [ 23.962312997984654, 49.920468134846736 ], [ 23.962381504970907, 49.921872598435414 ], [ 23.964804744505059, 49.921622982520574 ], [ 23.96496299978822, 49.922216817758866 ], [ 23.964202449101506, 49.922273423689305 ], [ 23.964325373944426, 49.92283298224401 ], [ 23.965704994954049, 49.922731105565163 ], [ 23.965852259992484, 49.92280732022386 ], [ 23.966109772478728, 49.924044433418665 ], [ 23.967082224490742, 49.924227733727925 ], [ 23.967567370530045, 49.925052032957872 ], [ 23.968017107802396, 49.925906756842949 ], [ 23.969149044690873, 49.92590744632907 ], [ 23.970989157429337, 49.92540615144474 ], [ 23.970742311458871, 49.924869363516656 ], [ 23.970936904051417, 49.924835219257645 ], [ 23.970982507768053, 49.924899953651462 ], [ 23.971378481309074, 49.925246533787501 ], [ 23.972103640651103, 49.925235533160162 ], [ 23.973783066417269, 49.925807394385558 ], [ 23.97360680597048, 49.926446705328622 ], [ 23.972542206985349, 49.927839092166082 ], [ 23.974735260550634, 49.927965936964668 ], [ 23.977230326837478, 49.927065272988756 ], [ 23.978162946997315, 49.926191338158823 ], [ 23.980471924212964, 49.924263833442161 ], [ 23.981389592099472, 49.923477399881691 ], [ 23.982040162533032, 49.922945847694955 ], [ 23.982193697756081, 49.922732771136502 ], [ 23.982370923875202, 49.922413162488873 ], [ 23.982382903595127, 49.922253311043939 ], [ 23.98234305811615, 49.922137130480401 ], [ 23.982335877408072, 49.922116239384287 ], [ 23.982265216309727, 49.922017211487344 ], [ 23.982029704343166, 49.921811632654745 ], [ 23.982030151825956, 49.921446260344489 ], [ 23.982030151836177, 49.921446259697902 ], [ 23.983480195404965, 49.921553535754192 ], [ 23.983529762331504, 49.921558204126242 ], [ 23.983530484488426, 49.920933275787867 ], [ 23.983492705194838, 49.920929354988694 ], [ 23.982030935358246, 49.920784016974025 ], [ 23.981901396851402, 49.920662158748016 ], [ 23.981625351690202, 49.920624493699634 ], [ 23.981483244293248, 49.920605103592329 ], [ 23.981454471199644, 49.920601196030589 ], [ 23.981436509315589, 49.92059904114177 ], [ 23.981421037338418, 49.920597217103158 ], [ 23.981527505560287, 49.920296599292314 ], [ 23.981594740644841, 49.920104770739279 ], [ 23.982082633720552, 49.919631439498588 ], [ 23.98207757616176, 49.919623015279008 ], [ 23.982075061137238, 49.919612128779022 ], [ 23.982063605189435, 49.919597307193065 ], [ 23.98192373593529, 49.918872015517309 ], [ 23.98192290190039, 49.918870553003067 ], [ 23.98182161682945, 49.918346504420754 ], [ 23.981074472700342, 49.917458574192281 ], [ 23.981062293736027, 49.917444100006541 ], [ 23.98097534, 49.91623374696794 ], [ 23.981577783775759, 49.915206421165628 ], [ 23.981685036266942, 49.914235942918999 ], [ 23.983315439347383, 49.911096775928648 ], [ 23.983542273481795, 49.910697251259037 ], [ 23.983542274037383, 49.910697251346868 ], [ 23.98581631445585, 49.91152803266295 ], [ 23.988503678779885, 49.911711930949075 ], [ 23.990507384204413, 49.911895477356325 ], [ 23.994962606922982, 49.912445329748614 ], [ 23.995893745466631, 49.912552251565494 ], [ 24.000207688056431, 49.913033340144587 ], [ 24.002965917410226, 49.913224534827712 ], [ 24.007221329683347, 49.913286684618498 ], [ 24.007210428582304, 49.911946964820473 ], [ 24.007211879979085, 49.909754695525756 ], [ 24.007943220056017, 49.908917571119446 ], [ 24.008416112780186, 49.906694982643998 ], [ 24.008569754243641, 49.906032774212782 ], [ 24.007675030568731, 49.904456843085455 ], [ 24.007805482578238, 49.90321611341772 ], [ 24.007189356915823, 49.90213347651401 ], [ 24.007189356590569, 49.902133476841108 ], [ 24.003808679998222, 49.897232236166914 ], [ 24.011394486815529, 49.895140284356692 ], [ 24.01139448588297, 49.895141714802293 ], [ 24.013164951866589, 49.894795147771227 ], [ 24.013944648532647, 49.894795320409855 ], [ 24.014691811728852, 49.894886423154439 ], [ 24.016515335302355, 49.895107854260957 ], [ 24.017494241972212, 49.895224168107177 ], [ 24.018232754482277, 49.895316645518292 ], [ 24.01974021177115, 49.895497147024471 ], [ 24.019740111082264, 49.895498793105617 ], [ 24.019880269489587, 49.893207347463978 ], [ 24.019562890647183, 49.89132711667046 ], [ 24.019810836189997, 49.890055941836941 ], [ 24.02044742923399, 49.889157826766642 ], [ 24.021014845225505, 49.888088418685271 ], [ 24.021047265870617, 49.888030384161709 ], [ 24.020262280183633, 49.888090203262614 ], [ 24.020173913572108, 49.888093994865869 ], [ 24.020109111175671, 49.88810159638205 ], [ 24.020073765122159, 49.888101590548018 ], [ 24.020056090587655, 49.888105393718781 ], [ 24.020014855220676, 49.888105386892775 ], [ 24.019997180680161, 49.888109190054564 ], [ 24.01990292394262, 49.888114881325222 ], [ 24.019393338828493, 49.888162373613142 ], [ 24.018719404357856, 49.88822057526334 ], [ 24.018659892504971, 49.888225044142359 ], [ 24.018023665448364, 49.888240153897989 ], [ 24.017670209002585, 49.888240088716628 ], [ 24.016916252077277, 49.888061059751614 ], [ 24.016450934946629, 49.887922049104496 ], [ 24.016209427790461, 49.887880138784247 ], [ 24.016179975033694, 49.887879180312595 ], [ 24.016259554871993, 49.887766918577668 ], [ 24.016433451101651, 49.887520509511525 ], [ 24.016513026101883, 49.8874196658724 ], [ 24.016863746592421, 49.886949688191159 ], [ 24.017002316633015, 49.886652843977657 ], [ 24.01684334148338, 49.886492961873515 ], [ 24.015977579382938, 49.886127410925901 ], [ 24.015129430325384, 49.885910294802464 ], [ 24.014440404971797, 49.885556187220843 ], [ 24.013857451426098, 49.885145011761168 ], [ 24.012214164316784, 49.884824933011657 ], [ 24.011401446690797, 49.884461460893164 ], [ 24.011216490767929, 49.88441364465691 ], [ 24.011047281965531, 49.884153232977212 ], [ 24.011047480607932, 49.884153083881827 ], [ 24.011081639021285, 49.883331137974309 ], [ 24.010763722142698, 49.88305702588454 ], [ 24.0105877010621, 49.881892334772211 ], [ 24.008432493259143, 49.880963107968924 ], [ 24.008114554810508, 49.880772722629047 ], [ 24.007737823463241, 49.880414852182639 ], [ 24.005206153925542, 49.878961182178735 ], [ 24.0035694818162, 49.878016793294847 ], [ 24.003413472880371, 49.877926351457759 ], [ 24.002439147417757, 49.87737607385511 ], [ 24.002038800573665, 49.877185643359617 ], [ 24.000825577103505, 49.877147186862345 ], [ 23.998788485821581, 49.876301553265726 ], [ 23.999306899446914, 49.876134266720975 ], [ 23.999424837261856, 49.875951618852717 ], [ 23.999531341799567, 49.875350300283053 ], [ 23.999755528677088, 49.874870814714704 ], [ 24.00040350486929, 49.874680732854394 ], [ 23.999756558689473, 49.873607209175617 ], [ 23.998260446954848, 49.873918786114196 ], [ 23.99815519221487, 49.873035746413713 ], [ 24.000221442276288, 49.872419958656835 ], [ 24.000459806445626, 49.872420913001449 ], [ 24.00139027652704, 49.873067935240435 ], [ 24.00213231608199, 49.873524650686186 ], [ 24.002654094246122, 49.873509202993255 ], [ 24.002112534230601, 49.873196934920287 ], [ 24.002265684759898, 49.873151310623534 ], [ 24.001842051918398, 49.872656390283232 ], [ 24.001830497042508, 49.872367127159315 ], [ 24.001536419000256, 49.871887469568492 ], [ 24.00106518038077, 49.872047169532465 ], [ 24.000817982335715, 49.871872009363479 ], [ 24.001112535062816, 49.871735089064451 ], [ 24.001089054328624, 49.871643737065206 ], [ 24.000417784962597, 49.871559780030729 ], [ 23.999970493428059, 49.871232311143835 ], [ 24.000300439480149, 49.871019282803417 ], [ 24.000170984643326, 49.870897446147396 ], [ 23.999864838703846, 49.87080599831674 ], [ 23.998286282329747, 49.871224116409607 ], [ 23.996566661026847, 49.871307228470698 ], [ 23.99460628901647, 49.871271344892122 ], [ 23.994517226550755, 49.871420637130633 ], [ 23.992768958545749, 49.871347359550711 ], [ 23.992639358736646, 49.871613772683297 ], [ 23.992691132621736, 49.871983212999595 ], [ 23.991101023101667, 49.872073910303889 ], [ 23.989357489550738, 49.872461389332514 ], [ 23.989240666046086, 49.871532665277314 ], [ 23.989017361297162, 49.871075842963826 ], [ 23.989288429485473, 49.870900881472316 ], [ 23.989737629277673, 49.869287310073048 ], [ 23.990885278158594, 49.867518352642712 ], [ 23.991459592916407, 49.866768430011767 ], [ 23.992519952613641, 49.86628930032704 ], [ 23.993211642402638, 49.866166224178251 ], [ 23.993284701488669, 49.866146794138771 ], [ 23.993499928947124, 49.866093523046899 ], [ 23.994427921808001, 49.866105803952827 ], [ 23.994310587451491, 49.865641421192151 ], [ 23.994192958104399, 49.865496745682869 ], [ 23.994063504146911, 49.865405348750883 ], [ 23.993886930539269, 49.865329159878158 ], [ 23.993698627567547, 49.865295281309201 ], [ 23.993510211411984, 49.865199606478846 ], [ 23.993333581729186, 49.865184312261604 ], [ 23.9930980490787, 49.865191830996849 ], [ 23.992968503497735, 49.86519939159286 ], [ 23.992897874808605, 49.865168914530202 ], [ 23.992850806353733, 49.86513083463683 ], [ 23.992639397796662, 49.864544618082505 ], [ 23.992533596376131, 49.864354274513936 ], [ 23.992498341094819, 49.864278138149764 ], [ 23.99241595339155, 49.86423243381109 ], [ 23.992180462193971, 49.864201889619544 ], [ 23.991756555595344, 49.864171267951313 ], [ 23.991215010088869, 49.864018802808225 ], [ 23.990626478497607, 49.863752134389017 ], [ 23.990449931653107, 49.863660715836247 ], [ 23.990320450813449, 49.863607375767572 ], [ 23.99015561170966, 49.86358446946025 ], [ 23.990132399752433, 49.863596514019257 ], [ 23.990061730268671, 49.863665015197327 ], [ 23.989826189729904, 49.863771564474291 ], [ 23.988177434559127, 49.864296633794012 ], [ 23.98782610454041, 49.864364651652672 ], [ 23.987811381634231, 49.864367500802423 ], [ 23.987778997397736, 49.864367486435427 ], [ 23.987752501281438, 49.864367474673919 ], [ 23.98768186941318, 49.864344606643343 ], [ 23.987634821651021, 49.864291300203547 ], [ 23.987144506973639, 49.864418583386609 ], [ 23.986901557746162, 49.864481274766781 ], [ 23.986496638688983, 49.864587660125004 ], [ 23.986209487682235, 49.864686485769028 ], [ 23.986091718066493, 49.864694044066596 ], [ 23.986044638497972, 49.864671185832265 ], [ 23.985997650984611, 49.864564595443923 ], [ 23.985985950206313, 49.864496082324287 ], [ 23.985915335528556, 49.864457988794172 ], [ 23.985838791099074, 49.86445795356952 ], [ 23.985750470407794, 49.864457912862804 ], [ 23.985587033066626, 49.864497801490678 ], [ 23.985531081858774, 49.864511096966908 ], [ 23.985503105188023, 49.864518696221346 ], [ 23.985432457042837, 49.864511051244925 ], [ 23.985373635969975, 49.864457738425116 ], [ 23.985335444103526, 49.864385404626603 ], [ 23.98532519092214, 49.864339728758999 ], [ 23.985314941892387, 49.864290244589036 ], [ 23.986654934273869, 49.863859825921033 ], [ 23.986654934273869, 49.863859825921033 ], [ 23.987015904400963, 49.863551698660331 ], [ 23.987015904400963, 49.863551698660331 ], [ 23.98942614150296, 49.862967577568277 ], [ 23.989449778917969, 49.862883855519264 ], [ 23.986884798808855, 49.860918803986827 ], [ 23.98457882204308, 49.859174567470021 ], [ 23.983600979734973, 49.859654606760778 ], [ 23.983600962253199, 49.859654652467498 ], [ 23.983283704410034, 49.859747799933515 ], [ 23.982927072931297, 49.859919763890368 ], [ 23.982465299353233, 49.859884693148487 ], [ 23.982035380651887, 49.860246199285534 ], [ 23.981528957370067, 49.860493509580628 ], [ 23.981537508385081, 49.861203336772121 ], [ 23.98070724872462, 49.861462009549868 ], [ 23.980468567686099, 49.862021455807735 ], [ 23.979773733923302, 49.862221150659188 ], [ 23.979738390623474, 49.862259205295395 ], [ 23.979708930228803, 49.862308678158563 ], [ 23.97966180947423, 49.862350535660525 ], [ 23.979591143754185, 49.8623771656302 ], [ 23.979485159026346, 49.862384758705218 ], [ 23.97946122180991, 49.863275366101199 ], [ 23.97952894010859, 49.863267766151573 ], [ 23.979478426324125, 49.863537592225605 ], [ 23.979456330342014, 49.863551853742933 ], [ 23.979157877113149, 49.863558860380621 ], [ 23.979189977160043, 49.864198280067441 ], [ 23.97932528598249, 49.864466631060615 ], [ 23.979378285606394, 49.864451416332081 ], [ 23.979572537230577, 49.864565632060341 ], [ 23.979878651452559, 49.864710316101643 ], [ 23.98007879544036, 49.864835950299593 ], [ 23.980167081138738, 49.864923504809028 ], [ 23.980237672455523, 49.865083370827222 ], [ 23.980293923723188, 49.865356663003681 ], [ 23.980331699641393, 49.865509662937988 ], [ 23.980367011716957, 49.865551534975943 ], [ 23.980425887857898, 49.865566769526424 ], [ 23.980555421437312, 49.865585822283322 ], [ 23.980642255051912, 49.865625800018549 ], [ 23.979751092770918, 49.866145168131524 ], [ 23.978034610091349, 49.867059856363355 ], [ 23.977842719774983, 49.867287253722104 ], [ 23.97768120432664, 49.867272924222718 ], [ 23.977656676356212, 49.869343401843182 ], [ 23.978598539547754, 49.870043892640112 ], [ 23.978857612351128, 49.870120060759227 ], [ 23.980383004168928, 49.870165942512301 ], [ 23.980217245250788, 49.87088139483501 ], [ 23.980358301533837, 49.871109830569409 ], [ 23.980876099493482, 49.871460247267379 ], [ 23.981417533735573, 49.871749777963458 ], [ 23.982029474456212, 49.872176358431311 ], [ 23.982406014215577, 49.872481027416377 ], [ 23.982758909982575, 49.872861803501962 ], [ 23.983584810178101, 49.873717120521363 ], [ 23.983584804147661, 49.873722368724621 ], [ 23.984273439677875, 49.874072854143407 ], [ 23.984344033630027, 49.874141395215958 ], [ 23.984326128372015, 49.874350720124788 ], [ 23.984090276735049, 49.874598000397462 ], [ 23.983895739773821, 49.874765373976295 ], [ 23.983581997920819, 49.87489793451747 ], [ 23.983321713335386, 49.875069582297662 ], [ 23.982921133291704, 49.87516073267507 ], [ 23.981860872172668, 49.875312454751018 ], [ 23.979858056975132, 49.875661603348298 ], [ 23.979033314507589, 49.875843866528506 ], [ 23.978548730928473, 49.876011735887388 ], [ 23.977747599189904, 49.876376959409399 ], [ 23.97734700700061, 49.876605243197545 ], [ 23.9766399931816, 49.877168391947052 ], [ 23.976121442593179, 49.877701127349546 ], [ 23.975697078248057, 49.878310002203357 ], [ 23.975331224831045, 49.878521337824921 ], [ 23.97328171219743, 49.878428846050944 ], [ 23.972292276720705, 49.878397830272149 ], [ 23.971420638929757, 49.878366877195731 ], [ 23.966983426597295, 49.878200308709843 ], [ 23.966983426597295, 49.878200308709843 ], [ 23.967022986505405, 49.878735918886079 ], [ 23.956912806610063, 49.8817605170129 ], [ 23.956239577133871, 49.881808366870324 ], [ 23.9549667308365, 49.882580724974943 ], [ 23.953002062162913, 49.883304226850761 ], [ 23.949597794959573, 49.883857437367361 ], [ 23.949373223655893, 49.883953923042213 ], [ 23.944030529224253, 49.881243193284945 ], [ 23.9435099386084, 49.879744541691593 ], [ 23.944108788274747, 49.879479220718807 ], [ 23.942916898749573, 49.877085912053381 ], [ 23.942467888088469, 49.877230527614373 ], [ 23.942018971774832, 49.877326811711804 ], [ 23.941458067844486, 49.877326340089596 ], [ 23.939961927780011, 49.877518388028726 ], [ 23.939251496599006, 49.877493612718872 ], [ 23.939251197226842, 49.877638601859985 ], [ 23.938016897687969, 49.877782520380244 ], [ 23.938016594615892, 49.877927509508609 ], [ 23.936809604491447, 49.878414278489359 ], [ 23.933478668576669, 49.878637834236805 ], [ 23.932484958375575, 49.878825711908483 ], [ 23.932773036922068, 49.880676101272414 ], [ 23.927279689211485, 49.8810107462701 ], [ 23.927280300358436, 49.880746443402323 ], [ 23.916351583432828, 49.881528287068249 ], [ 23.915781870701426, 49.880295094272583 ] ] ] ] } },
{ "type": "Feature", "properties": { "fid": 5, "MOID": "2683390582172157100", "ID": "12", "NAME": "Рясне-Руська громада", "EDITOR_DAT": null, "KOATUU": "4625887501" }, "geometry": { "type": "MultiPolygon", "coordinates": [ [ [ [ 23.885869297609418, 49.849838624703501 ], [ 23.88453817549231, 49.850880556667313 ], [ 23.882596022258497, 49.852380882535194 ], [ 23.88093969534966, 49.853663801414271 ], [ 23.879697450168031, 49.854901797656041 ], [ 23.87710302660286, 49.856139762183247 ], [ 23.87662664939457, 49.856541385082743 ], [ 23.876014687903915, 49.857484004541412 ], [ 23.874765113842155, 49.859343202552488 ], [ 23.873691432903463, 49.860977914760241 ], [ 23.873288344496441, 49.861601547616949 ], [ 23.872830289488466, 49.862062180353583 ], [ 23.871353520142755, 49.862808632283731 ], [ 23.869334413667602, 49.863583418291228 ], [ 23.871441466704283, 49.865052642998755 ], [ 23.8736364663025, 49.866547804903689 ], [ 23.871976474953602, 49.867766575631059 ], [ 23.870125932721379, 49.869138836872992 ], [ 23.866069397570755, 49.869301805067366 ], [ 23.866142686372022, 49.871167633612487 ], [ 23.863214798761042, 49.872280011017359 ], [ 23.862199748863372, 49.873630889253441 ], [ 23.861932244738711, 49.873987495910107 ], [ 23.861137061244868, 49.874896712886631 ], [ 23.859616318618393, 49.876547429305361 ], [ 23.858161535913062, 49.878096548178775 ], [ 23.861778338256034, 49.877546333294518 ], [ 23.867132085189247, 49.876726902939708 ], [ 23.868062852965455, 49.876587574781489 ], [ 23.872148703636594, 49.87617431093058 ], [ 23.873401942138411, 49.876049150323666 ], [ 23.87513155784853, 49.875919266331977 ], [ 23.878942575514884, 49.875633520320534 ], [ 23.883087057227037, 49.875328880148544 ], [ 23.884138751525349, 49.875250948633038 ], [ 23.88687242381295, 49.874936859735115 ], [ 23.888365683138947, 49.874515316161315 ], [ 23.88865883834405, 49.876383304805813 ], [ 23.888864046987624, 49.877776574191358 ], [ 23.888973980189537, 49.87847319380861 ], [ 23.889399055236936, 49.879488587452492 ], [ 23.889802143643951, 49.880433120508542 ], [ 23.890392118494226, 49.882355188216259 ], [ 23.890549689416972, 49.882877014029887 ], [ 23.89084650906214, 49.883833286515063 ], [ 23.89136319511114, 49.885516752294343 ], [ 23.891553745994454, 49.88613298525717 ], [ 23.892147385284794, 49.888076074466511 ], [ 23.89251016485111, 49.889273054035932 ], [ 23.892643916913439, 49.889689747058469 ], [ 23.898173556969716, 49.889302564991588 ], [ 23.899346177790132, 49.888705259735808 ], [ 23.901200384462417, 49.88920340810904 ], [ 23.902534240645643, 49.889009815513162 ], [ 23.904307829636526, 49.889326173743129 ], [ 23.909668905449859, 49.887893101601179 ], [ 23.910257982732833, 49.886765941081663 ], [ 23.909957862050842, 49.886651424041027 ], [ 23.90958717545826, 49.88649115859905 ], [ 23.909304706568246, 49.886388077880184 ], [ 23.909163726555924, 49.886239486517582 ], [ 23.908987617979612, 49.886010923141377 ], [ 23.908740668612051, 49.885839375606558 ], [ 23.907893286166136, 49.885518711283311 ], [ 23.907558331749311, 49.885221460345051 ], [ 23.906256321146451, 49.884080410930181 ], [ 23.905755442654279, 49.883755371199769 ], [ 23.905724760056316, 49.883666845226131 ], [ 23.90577349547214, 49.883614568596641 ], [ 23.906585446207821, 49.883414731967363 ], [ 23.907631651862836, 49.883168529964713 ], [ 23.908375681872169, 49.883031404284523 ], [ 23.90860701618498, 49.882976476713168 ], [ 23.908613455029919, 49.882775715634196 ], [ 23.908626129827059, 49.881351320898688 ], [ 23.908645764778466, 49.881169602920991 ], [ 23.908675331892827, 49.881123965231495 ], [ 23.909220357671092, 49.88105606785556 ], [ 23.909886103239351, 49.880989255267011 ], [ 23.910248479646626, 49.880938278803669 ], [ 23.911353205005518, 49.880809144652709 ], [ 23.912175065248761, 49.880731072693443 ], [ 23.912619896125801, 49.880681129567265 ], [ 23.913858666002728, 49.880529283438037 ], [ 23.914776344702197, 49.880410379946859 ], [ 23.915740373057297, 49.880300635534219 ], [ 23.915781870701426, 49.880295094272583 ], [ 23.915479921257532, 49.879639477975154 ], [ 23.916673208578707, 49.879604122156621 ], [ 23.916679377396587, 49.87960457672348 ], [ 23.916061651348571, 49.876767724107154 ], [ 23.915765736559798, 49.875406516078776 ], [ 23.916056171445071, 49.874494660137053 ], [ 23.916661152791011, 49.873267161753986 ], [ 23.916964411906456, 49.871105981579447 ], [ 23.916925476323676, 49.870778622084501 ], [ 23.916915381114702, 49.870698683230891 ], [ 23.916880783366768, 49.870407484078058 ], [ 23.916818788242644, 49.869889797093514 ], [ 23.916730854935444, 49.869149427624457 ], [ 23.916729423952471, 49.869135154312481 ], [ 23.916606872385234, 49.868114051000397 ], [ 23.916562194799642, 49.86773339964212 ], [ 23.916475667880444, 49.867025383101542 ], [ 23.916262188325415, 49.86703657520075 ], [ 23.915527517068153, 49.867076708227223 ], [ 23.914476291596866, 49.867133623895889 ], [ 23.91364444225831, 49.867178399115907 ], [ 23.912715413578809, 49.867228769331923 ], [ 23.913207717607939, 49.866487425148925 ], [ 23.913212073744102, 49.86644907133455 ], [ 23.913163235862939, 49.866106817525093 ], [ 23.912616802804877, 49.863282133060586 ], [ 23.910002541704614, 49.863294471942353 ], [ 23.909844326139631, 49.860805137392134 ], [ 23.909777680721746, 49.859305478942687 ], [ 23.91304082399159, 49.858722944047543 ], [ 23.914348406784779, 49.85849599642949 ], [ 23.914365085596508, 49.856592986617486 ], [ 23.914378597945191, 49.855641863721793 ], [ 23.914379468403624, 49.855580591515725 ], [ 23.914002776480835, 49.855549736861875 ], [ 23.913732144073233, 49.855488546922395 ], [ 23.913261795134787, 49.855252061509411 ], [ 23.912767995940328, 49.854985100224354 ], [ 23.912051097953988, 49.85448952864261 ], [ 23.911475545588782, 49.853971271730927 ], [ 23.909534177192445, 49.85349716481722 ], [ 23.909948851481339, 49.852523277171379 ], [ 23.910410547427812, 49.851564664339456 ], [ 23.908221451624655, 49.849682625252122 ], [ 23.905942169904968, 49.849633006150775 ], [ 23.904846502325896, 49.849273856850857 ], [ 23.902674176437678, 49.851698623976638 ], [ 23.902655167167744, 49.849786588918363 ], [ 23.901495371887549, 49.849585749816406 ], [ 23.899302204509365, 49.849517228049521 ], [ 23.898734216299474, 49.849306936503211 ], [ 23.896585728169367, 49.847893100690477 ], [ 23.896093775528982, 49.84810563376864 ], [ 23.89489414312883, 49.848661390581185 ], [ 23.894048390934536, 49.849027619407273 ], [ 23.893709495602625, 49.849173727846619 ], [ 23.891322494371781, 49.850186925141351 ], [ 23.890968647949595, 49.850403418505309 ], [ 23.890827003205619, 49.850528837275547 ], [ 23.890826828398033, 49.850585928012976 ], [ 23.890790985277938, 49.850757154729585 ], [ 23.890649535481806, 49.850814064485121 ], [ 23.89053911358522, 49.850831050170015 ], [ 23.889925156459014, 49.850927315735618 ], [ 23.888882846714946, 49.85106298673643 ], [ 23.886942988599735, 49.850215509332074 ], [ 23.885869297609418, 49.849838624703501 ] ] ] ] } },
{ "type": "Feature", "properties": { "fid": 6, "MOID": "2683390582172157101", "ID": "14", "NAME": "Малехівська громада", "EDITOR_DAT": null, "KOATUU": "4622785701" }, "geometry": { "type": "MultiPolygon", "coordinates": [ [ [ [ 24.06763511679863, 49.897425268561712 ], [ 24.071378813245346, 49.897195507532942 ], [ 24.073293483178677, 49.897081023649946 ], [ 24.073130415595841, 49.895958595112099 ], [ 24.075468328356539, 49.89568359023697 ], [ 24.079904133053773, 49.895170164923812 ], [ 24.08057472558545, 49.894810173802703 ], [ 24.081208673716493, 49.894221198931518 ], [ 24.080939337371799, 49.893640479194978 ], [ 24.080325543661115, 49.892824863049931 ], [ 24.079638461149148, 49.891077910889024 ], [ 24.083759124000892, 49.890320091705689 ], [ 24.086969173496787, 49.889755851003322 ], [ 24.086798777033817, 49.888505762855424 ], [ 24.088658480366195, 49.889042867962488 ], [ 24.089506798240965, 49.889287809515956 ], [ 24.088859108459687, 49.888037709245701 ], [ 24.088309442450122, 49.886983539096278 ], [ 24.087829400801763, 49.886059202989351 ], [ 24.087155143830021, 49.884754713872411 ], [ 24.086576162299941, 49.883635540363279 ], [ 24.086006341870018, 49.88254231418491 ], [ 24.085465836960608, 49.881498649681696 ], [ 24.085458050025476, 49.881483301505973 ], [ 24.084781044723698, 49.88089298335192 ], [ 24.083971203469595, 49.880008673252469 ], [ 24.083527806221877, 49.879271932577424 ], [ 24.083042267913431, 49.878466109591834 ], [ 24.081992405835148, 49.877947778249059 ], [ 24.080680536292309, 49.877069317891646 ], [ 24.079940319399423, 49.876576948041013 ], [ 24.079419968910361, 49.876149514987006 ], [ 24.078360945731923, 49.875265118008805 ], [ 24.077345895834249, 49.87434409993341 ], [ 24.07710423195017, 49.874034613262317 ], [ 24.07710423195017, 49.874034613262317 ], [ 24.07286342233952, 49.874910613754516 ], [ 24.070897797484687, 49.87451639311859 ], [ 24.065532794961801, 49.873760808389051 ], [ 24.065532794961801, 49.873760808389051 ], [ 24.065276800000099, 49.875001300000108 ], [ 24.063938489241142, 49.876475184358995 ], [ 24.063848600000082, 49.876575900000027 ], [ 24.065852542738263, 49.878317887485395 ], [ 24.064595679470074, 49.878395089147268 ], [ 24.064595679470074, 49.878395089147268 ], [ 24.064397282419829, 49.878816682879034 ], [ 24.065676778736986, 49.880880450247069 ], [ 24.064380871666575, 49.880690435927363 ], [ 24.063418399999986, 49.880605000000102 ], [ 24.062276020390478, 49.88047403072536 ], [ 24.060862154591742, 49.881604999820802 ], [ 24.062276020390478, 49.88047403072536 ], [ 24.060862154591742, 49.881604999820802 ], [ 24.059752784384337, 49.883688215619479 ], [ 24.059491224701176, 49.884153788674922 ], [ 24.059493340479605, 49.884154887575868 ], [ 24.059483311319457, 49.884184993473603 ], [ 24.059450934059257, 49.884234478354664 ], [ 24.059425922802237, 49.884286815416971 ], [ 24.059417189474559, 49.884304493108282 ], [ 24.059324380932416, 49.884451443354401 ], [ 24.059253744532842, 49.884573248400976 ], [ 24.059267992281807, 49.884582016246497 ], [ 24.059161976924759, 49.88471305354544 ], [ 24.059108035655811, 49.884771188181716 ], [ 24.058875000448069, 49.885069259117103 ], [ 24.058613466609827, 49.885353593328929 ], [ 24.058533983664503, 49.885452565028388 ], [ 24.058407388375866, 49.885585799316566 ], [ 24.058236638895547, 49.885787546004416 ], [ 24.058157147026627, 49.885867486971819 ], [ 24.058090903141917, 49.885932196965562 ], [ 24.057993750333388, 49.886042589437722 ], [ 24.057874508153525, 49.886156791473489 ], [ 24.057649279300939, 49.886392800861969 ], [ 24.057528564179183, 49.886510804472088 ], [ 24.057435821322816, 49.886605971397408 ], [ 24.057421097116137, 49.886613585894338 ], [ 24.057344545114262, 49.886685913645856 ], [ 24.057265042926165, 49.886750629618852 ], [ 24.057204766278261, 49.886808541142045 ], [ 24.057123716702655, 49.88688766646834 ], [ 24.05706629763494, 49.886933348428826 ], [ 24.056957354538653, 49.887032323547928 ], [ 24.056655545262295, 49.887291179207686 ], [ 24.056549539171343, 49.887371118643351 ], [ 24.056431756282457, 49.887466288488476 ], [ 24.056366974898772, 49.887519583374875 ], [ 24.056269801574775, 49.887591913451047 ], [ 24.056172627958802, 49.887664239054942 ], [ 24.05604600980913, 49.887767021978547 ], [ 24.05589288471705, 49.887873614666198 ], [ 24.055750060970745, 49.887964028693403 ], [ 24.05566319023778, 49.888022080649463 ], [ 24.055353942590866, 49.888096340662997 ], [ 24.053887312759748, 49.888787330013372 ], [ 24.052064213653274, 49.889413641570172 ], [ 24.051068695885778, 49.88971823037442 ], [ 24.050918484631165, 49.889767720405011 ], [ 24.049763902377212, 49.890123698331976 ], [ 24.049319148752513, 49.890264558844621 ], [ 24.04847380751151, 49.890492990353366 ], [ 24.047246137740874, 49.890825858360344 ], [ 24.045825803981053, 49.891191577781612 ], [ 24.044609287765581, 49.891513252993022 ], [ 24.042836028354539, 49.891945306277997 ], [ 24.042067214308229, 49.892147045984437 ], [ 24.041489862460924, 49.892284077886657 ], [ 24.040541349618, 49.892540996924019 ], [ 24.039775463295403, 49.892837873605544 ], [ 24.03964879651749, 49.892881646348918 ], [ 24.039548641196081, 49.892910190138544 ], [ 24.0392305, 49.892936833196963 ], [ 24.039230254169841, 49.892936676734934 ], [ 24.038192783932921, 49.892950866199421 ], [ 24.037727330060481, 49.892944324307308 ], [ 24.037050531750268, 49.89284203827112 ], [ 24.03766819069725, 49.894034916592062 ], [ 24.038135012986547, 49.894936466075606 ], [ 24.038563752474023, 49.895739063449561 ], [ 24.039258163866091, 49.896944114732193 ], [ 24.040215498832769, 49.898604699265682 ], [ 24.042983067190963, 49.901696751294395 ], [ 24.046878366978785, 49.900874190387363 ], [ 24.049406830622789, 49.900346658292541 ], [ 24.052598557918369, 49.8996715976239 ], [ 24.055464150048245, 49.899069699901844 ], [ 24.056968402694451, 49.898748684713233 ], [ 24.056808083441652, 49.899334063747581 ], [ 24.05790008658067, 49.898599978424066 ], [ 24.058173087365414, 49.898445370605714 ], [ 24.059494118008413, 49.897705370599837 ], [ 24.062854409546915, 49.897497649259975 ], [ 24.063136571431851, 49.89730999114434 ], [ 24.063733875162246, 49.897209670468669 ], [ 24.064959630363592, 49.896743471650936 ], [ 24.065463490872361, 49.896552269820674 ], [ 24.067403811886134, 49.895818142174249 ], [ 24.06763511679863, 49.897425268561712 ] ] ] ] } },
{ "type": "Feature", "properties": { "fid": 7, "MOID": "2683390582172157102", "ID": "9", "NAME": "Грядівська громада", "EDITOR_DAT": null, "KOATUU": "4622782501" }, "geometry": { "type": "MultiPolygon", "coordinates": [ [ [ [ 23.930833958090826, 49.917192125921588 ], [ 23.932782361152299, 49.91845293358606 ], [ 23.932705407910952, 49.919427376408734 ], [ 23.931250625205625, 49.920602344227071 ], [ 23.93036749515025, 49.92165224104442 ], [ 23.930385817350569, 49.922544045550445 ], [ 23.931063738762372, 49.923928905032547 ], [ 23.931551109290861, 49.924917391982213 ], [ 23.930470099472039, 49.926460240410535 ], [ 23.928751477082116, 49.927200978837483 ], [ 23.928044240149799, 49.928434731265966 ], [ 23.929334123052257, 49.930010491500667 ], [ 23.930785241317523, 49.930805428834645 ], [ 23.934215157217245, 49.932121646392815 ], [ 23.93587514856614, 49.933475567448347 ], [ 23.937436200033321, 49.934713876571543 ], [ 23.939000915940568, 49.935213908569843 ], [ 23.939217117904334, 49.937353137825902 ], [ 23.939231775664592, 49.937494649091292 ], [ 23.939913361516457, 49.937805972412235 ], [ 23.940572960727938, 49.938209274632648 ], [ 23.941236224379491, 49.938813042407212 ], [ 23.94148540630383, 49.939357841991409 ], [ 23.94217065659576, 49.940379029810899 ], [ 23.942454650700704, 49.940808252410449 ], [ 23.943396411797099, 49.941317654489424 ], [ 23.94424289745184, 49.941599474158728 ], [ 23.945329403930756, 49.941633669738671 ], [ 23.946078781923799, 49.942238573743893 ], [ 23.946917938698402, 49.94290360563916 ], [ 23.948097888398948, 49.943653524209999 ], [ 23.949127596056879, 49.94432089475599 ], [ 23.951033104890055, 49.945094372725684 ], [ 23.953466293092422, 49.94563438504332 ], [ 23.954631585032708, 49.945742858403165 ], [ 23.958112803093321, 49.945830108537081 ], [ 23.958442602699066, 49.943662957073649 ], [ 23.959234121752846, 49.943802091597981 ], [ 23.95956392135859, 49.944471818261903 ], [ 23.960117251808221, 49.945103805307198 ], [ 23.963675423110168, 49.944483609140882 ], [ 23.963803678512402, 49.943750210974869 ], [ 23.965844771627946, 49.943365820981292 ], [ 23.96822299322935, 49.943264416974749 ], [ 23.968457517393432, 49.943026234631525 ], [ 23.96861508831617, 49.941849455079812 ], [ 23.968571115035409, 49.941184408632459 ], [ 23.969758393616079, 49.941042908203883 ], [ 23.969589829373149, 49.939432132366505 ], [ 23.970894370035857, 49.939415623404159 ], [ 23.970982316597389, 49.941474483211771 ], [ 23.972191581818446, 49.941585324256472 ], [ 23.976211472568437, 49.942314038817869 ], [ 23.97884620497431, 49.942948412422567 ], [ 23.979916221472937, 49.943210177534795 ], [ 23.980528182963596, 49.943049817094277 ], [ 23.980696747206526, 49.941764556044525 ], [ 23.980806680408438, 49.940941499307755 ], [ 23.981081513413226, 49.940927349212259 ], [ 23.981576212821835, 49.940854240319304 ], [ 23.982411705156384, 49.942066418601364 ], [ 23.982917397885192, 49.942979069671395 ], [ 23.983445077254373, 49.94304038411056 ], [ 23.984570060353963, 49.943033309371565 ], [ 23.987541921245704, 49.943408269106683 ], [ 23.988894099629245, 49.943743136340117 ], [ 23.989931136167307, 49.943828031888579 ], [ 23.992946970339819, 49.943905852676565 ], [ 23.993221803344603, 49.944679337310461 ], [ 23.997674098022124, 49.944339760220075 ], [ 23.999733513337979, 49.94418647811041 ], [ 24.00023920606678, 49.944832617851851 ], [ 24.003148771477438, 49.944103941387802 ], [ 24.003551859884457, 49.945129744896818 ], [ 24.008828653576334, 49.944070926659172 ], [ 24.011313143939592, 49.943986031538763 ], [ 24.013112384010917, 49.943929434708721 ], [ 24.01496292624314, 49.943823315473153 ], [ 24.018913192631917, 49.943604001645518 ], [ 24.021412340755429, 49.943304506956331 ], [ 24.025468875906057, 49.942828141488697 ], [ 24.030910569400795, 49.942099434703771 ], [ 24.033867772532286, 49.941703239981535 ], [ 24.03765680355826, 49.941002816340223 ], [ 24.0412772703413, 49.940333041448426 ], [ 24.046821568157831, 49.939304777367624 ], [ 24.050548303702715, 49.939415623404145 ], [ 24.052952176384565, 49.939481659219581 ], [ 24.055784788553886, 49.939416802615931 ], [ 24.058763978325761, 49.939341333003604 ], [ 24.061369395211123, 49.939065396227214 ], [ 24.065689770046344, 49.93859606423414 ], [ 24.071050845859688, 49.938013520175339 ], [ 24.07333379201944, 49.937768236359247 ], [ 24.077108165285157, 49.937280023509253 ], [ 24.080362188061812, 49.936850769477161 ], [ 24.084917087061115, 49.93636018875798 ], [ 24.086914206895884, 49.935402598541522 ], [ 24.088119807676872, 49.934831809114172 ], [ 24.087551819466984, 49.932902396452818 ], [ 24.087031468977926, 49.931088489408069 ], [ 24.086917871335952, 49.930725228036586 ], [ 24.084579958575247, 49.930991777232457 ], [ 24.083059215948765, 49.931163971946866 ], [ 24.080182630498683, 49.931404571750321 ], [ 24.077463615971343, 49.93163337633149 ], [ 24.076727063518511, 49.93001049150066 ], [ 24.076001504385879, 49.92842765438224 ], [ 24.076089450947407, 49.927932269939468 ], [ 24.075360227374709, 49.926021453680725 ], [ 24.074810561365137, 49.924548186220996 ], [ 24.074312197516456, 49.923218786145043 ], [ 24.074022706751421, 49.922449675483726 ], [ 24.071529055288003, 49.922544045550445 ], [ 24.068546201076071, 49.922657289386642 ], [ 24.065240876138521, 49.922777610671133 ], [ 24.0617303425574, 49.922912087045496 ], [ 24.057644491886258, 49.923067796062952 ], [ 24.053104250647209, 49.923251815162452 ], [ 24.049579059305835, 49.923268329662669 ], [ 24.045573826316097, 49.923289562583221 ], [ 24.041297424761641, 49.923315513917856 ], [ 24.037167600809731, 49.923339106028116 ], [ 24.032861883734764, 49.92336977575421 ], [ 24.02818605821335, 49.923398086253286 ], [ 24.023832703417558, 49.923419319116668 ], [ 24.020324002056462, 49.923442911176146 ], [ 24.017172583601592, 49.923483017650739 ], [ 24.013914896384875, 49.923511328083315 ], [ 24.010547275966236, 49.923483017650739 ], [ 24.007432501912007, 49.923459425610901 ], [ 24.005264069504243, 49.923447629586647 ], [ 24.003969606051708, 49.923009405240336 ], [ 24.003562853204624, 49.921832136800127 ], [ 24.003317335720354, 49.921133783619645 ], [ 23.999711526697574, 49.921064183677402 ], [ 23.99637688623951, 49.920973349703338 ], [ 23.994566652847993, 49.921068902320719 ], [ 23.991343777811874, 49.921239952829538 ], [ 23.991279650110762, 49.920731518158831 ], [ 23.988705380965939, 49.920506200847711 ], [ 23.985649237952732, 49.920407108084312 ], [ 23.98346523167471, 49.920290319923112 ], [ 23.982329255254925, 49.920231335895792 ], [ 23.981643470376525, 49.920057495621847 ], [ 23.981594740644852, 49.920104770739293 ], [ 23.981527505560273, 49.920296599292314 ], [ 23.981421037338418, 49.920597217103143 ], [ 23.981436509315593, 49.920599041141763 ], [ 23.98145447119964, 49.920601196030582 ], [ 23.981483244293234, 49.920605103592322 ], [ 23.981625351690209, 49.920624493699634 ], [ 23.981901396851388, 49.920662158748016 ], [ 23.982030935358249, 49.920784016974025 ], [ 23.983492705194848, 49.920929354988679 ], [ 23.983530484488423, 49.920933275787874 ], [ 23.983529762331493, 49.921558204126242 ], [ 23.983480195404962, 49.921553535754178 ], [ 23.982030151836192, 49.921446259697895 ], [ 23.98203015182596, 49.921446260344489 ], [ 23.982029704343162, 49.921811632654752 ], [ 23.982265216309735, 49.922017211487351 ], [ 23.982335877408072, 49.92211623938428 ], [ 23.982343058116147, 49.922137130480401 ], [ 23.982382903595113, 49.922253311043917 ], [ 23.982370923875198, 49.92241316248888 ], [ 23.982193697756067, 49.922732771136488 ], [ 23.982040162533018, 49.922945847694962 ], [ 23.981389592099465, 49.923477399881676 ], [ 23.980471924212974, 49.924263833442147 ], [ 23.978162946997323, 49.926191338158837 ], [ 23.977230326837482, 49.927065272988756 ], [ 23.974735260550638, 49.927965936964654 ], [ 23.972542206985342, 49.927839092166089 ], [ 23.973606805970487, 49.926446705328622 ], [ 23.973783066417262, 49.925807394385558 ], [ 23.972103640651095, 49.925235533160162 ], [ 23.971378481309078, 49.925246533787501 ], [ 23.970982507768046, 49.924899953651476 ], [ 23.970936904051417, 49.924835219257645 ], [ 23.970742311458864, 49.924869363516642 ], [ 23.970989157429344, 49.925406151444733 ], [ 23.969149044690869, 49.925907446329063 ], [ 23.968017107802389, 49.925906756842956 ], [ 23.967567370530048, 49.925052032957865 ], [ 23.967082224490749, 49.924227733727918 ], [ 23.966109772478735, 49.924044433418665 ], [ 23.965852259992474, 49.92280732022386 ], [ 23.965704994954034, 49.922731105565163 ], [ 23.964325373944416, 49.922832982243996 ], [ 23.964202449101506, 49.922273423689305 ], [ 23.964962999788217, 49.922216817758851 ], [ 23.964804744505049, 49.921622982520567 ], [ 23.962381504970899, 49.921872598435407 ], [ 23.96231299798464, 49.920468134846722 ], [ 23.963315597884677, 49.920094246410486 ], [ 23.961519664883564, 49.918883207558757 ], [ 23.961732992215111, 49.918658074238628 ], [ 23.961755824478121, 49.918548011413286 ], [ 23.961720374882354, 49.918402435976887 ], [ 23.960621720106712, 49.917941405975888 ], [ 23.961250741736002, 49.917405932699488 ], [ 23.96066755986454, 49.916864395655168 ], [ 23.960344894461667, 49.916834815608304 ], [ 23.957887426967535, 49.917095614110622 ], [ 23.955686663767665, 49.917329640857524 ], [ 23.954703788117691, 49.917354875915869 ], [ 23.954708963468331, 49.917937429801157 ], [ 23.953913342634245, 49.918366094656314 ], [ 23.953644687614414, 49.91851120095496 ], [ 23.953149225191282, 49.918486839072877 ], [ 23.952342029832291, 49.918450244349117 ], [ 23.951904367895963, 49.918431252703087 ], [ 23.951935791795528, 49.918179326793997 ], [ 23.95198616460144, 49.91772345593229 ], [ 23.952002962539037, 49.917567499770875 ], [ 23.951893557481228, 49.917558085967698 ], [ 23.951707778091627, 49.917540616049962 ], [ 23.950904799373994, 49.917465355561731 ], [ 23.950430028926817, 49.917422334878999 ], [ 23.950110074019001, 49.917394095055052 ], [ 23.949918099776841, 49.917377950575883 ], [ 23.949646521917149, 49.9173543111378 ], [ 23.949414432262884, 49.917332237344155 ], [ 23.949292643401286, 49.917321478429017 ], [ 23.949032372860852, 49.91739459497115 ], [ 23.949122556935553, 49.917960330072795 ], [ 23.949092728972911, 49.918150610547784 ], [ 23.947795815752752, 49.91820668642611 ], [ 23.946280884353545, 49.918216900400644 ], [ 23.945213939938192, 49.91823126029459 ], [ 23.945119684452283, 49.918200739653955 ], [ 23.945090270397564, 49.918170267197382 ], [ 23.945096342900825, 49.918078926372026 ], [ 23.945096424410195, 49.91803705963364 ], [ 23.945096565198671, 49.917964744357462 ], [ 23.945085731888014, 49.917473760879702 ], [ 23.945062650196192, 49.917218739598582 ], [ 23.945010096161649, 49.916963694361641 ], [ 23.94497547838635, 49.916579257149252 ], [ 23.944975611920846, 49.916510752313144 ], [ 23.944958240192843, 49.916350883076497 ], [ 23.943802799731728, 49.916426059592794 ], [ 23.943779943177709, 49.916060662034631 ], [ 23.938202938794554, 49.916524076314396 ], [ 23.932507797369588, 49.917053722238904 ], [ 23.93196392530955, 49.917104600290841 ], [ 23.931517329774572, 49.917146053188596 ], [ 23.931328636655522, 49.917176326378119 ], [ 23.931210745849935, 49.917176216635141 ], [ 23.930833958090826, 49.917192125921588 ] ] ] ] } },
{ "type": "Feature", "properties": { "fid": 8, "MOID": "2683390582180545711", "ID": "10", "NAME": "Грибовицька громада", "EDITOR_DAT": null, "KOATUU": "4622782301" }, "geometry": { "type": "MultiPolygon", "coordinates": [ [ [ [ 24.074022706751418, 49.922449675483719 ], [ 24.073428151351038, 49.920842996753194 ], [ 24.072960935242897, 49.919572479405872 ], [ 24.072647625617442, 49.918725449240441 ], [ 24.072089714617722, 49.917207718000149 ], [ 24.071562951358544, 49.91577665364791 ], [ 24.071374232695248, 49.915260492645707 ], [ 24.071244145072992, 49.914908910102575 ], [ 24.070982137608432, 49.914155004665552 ], [ 24.070624854702213, 49.913120282709357 ], [ 24.070263907355923, 49.912078459267683 ], [ 24.069699583586097, 49.910443116833854 ], [ 24.06963179144492, 49.91024134996352 ], [ 24.069270844098632, 49.908959933645697 ], [ 24.068936463942816, 49.907791762034641 ], [ 24.06864147651768, 49.90634979806196 ], [ 24.068498563355195, 49.90526239655663 ], [ 24.068468331724667, 49.904053422753854 ], [ 24.068266787521164, 49.901865510263207 ], [ 24.067720785951654, 49.898020491606985 ], [ 24.06763511679863, 49.897425268561712 ], [ 24.067403811886134, 49.895818142174264 ], [ 24.06546349087235, 49.896552269820674 ], [ 24.064959630363582, 49.896743471650936 ], [ 24.063733875162242, 49.897209670468676 ], [ 24.063136571431837, 49.89730999114434 ], [ 24.062854409546926, 49.897497649259982 ], [ 24.059494118008423, 49.897705370599844 ], [ 24.058173087365422, 49.898445370605728 ], [ 24.05790008658067, 49.898599978424073 ], [ 24.056808083441656, 49.899334063747602 ], [ 24.056968402694444, 49.898748684713233 ], [ 24.055464150048259, 49.899069699901851 ], [ 24.052598557918369, 49.8996715976239 ], [ 24.049406830622793, 49.900346658292555 ], [ 24.046878366978781, 49.900874190387356 ], [ 24.04298306719096, 49.901696751294416 ], [ 24.040215498832772, 49.898604699265682 ], [ 24.039258163866101, 49.896944114732193 ], [ 24.038563752474008, 49.895739063449568 ], [ 24.038135012986547, 49.894936466075606 ], [ 24.03766819069725, 49.894034916592062 ], [ 24.037050531750268, 49.89284203827112 ], [ 24.035357019097749, 49.89258609298173 ], [ 24.032853292769055, 49.894327759001492 ], [ 24.031221194300389, 49.895471007566599 ], [ 24.029625508201487, 49.895786540957353 ], [ 24.027446051289836, 49.89621617705982 ], [ 24.027446584675495, 49.896213325952999 ], [ 24.026165943584907, 49.896467879853624 ], [ 24.023898597971655, 49.896912167039837 ], [ 24.022789355030504, 49.897139427627614 ], [ 24.022884651858991, 49.896333149111783 ], [ 24.020476125684709, 49.896469897455589 ], [ 24.02004733256965, 49.89633131534336 ], [ 24.019672633094959, 49.896331252752589 ], [ 24.019740111082264, 49.895498793105617 ], [ 24.019740211768756, 49.895497147024187 ], [ 24.018232754482291, 49.895316645518292 ], [ 24.017494241972216, 49.89522416810717 ], [ 24.016515335302362, 49.895107854260949 ], [ 24.014691811728856, 49.894886423154439 ], [ 24.013944648532661, 49.894795320409834 ], [ 24.013164951866578, 49.894795147771212 ], [ 24.011394485882978, 49.895141714802286 ], [ 24.011394486815519, 49.895140284356678 ], [ 24.003808679998212, 49.897232236166914 ], [ 24.007189356590569, 49.902133476841108 ], [ 24.007189356915827, 49.902133476514024 ], [ 24.007805482578235, 49.903216113417699 ], [ 24.007675030568716, 49.904456843085462 ], [ 24.008569754243631, 49.906032774212782 ], [ 24.008416112780182, 49.906694982643998 ], [ 24.007943220056031, 49.908917571119439 ], [ 24.007211879979096, 49.909754695525749 ], [ 24.007210428582308, 49.911946964820451 ], [ 24.007221329683333, 49.913286684618498 ], [ 24.002965917410208, 49.913224534827691 ], [ 24.000207688056427, 49.91303334014458 ], [ 23.995893745466628, 49.912552251565494 ], [ 23.994962606922972, 49.912445329748607 ], [ 23.99050738420442, 49.911895477356325 ], [ 23.988503678779878, 49.911711930949089 ], [ 23.985816314455846, 49.911528032662957 ], [ 23.983542274037376, 49.910697251346853 ], [ 23.983542273481795, 49.910697251259045 ], [ 23.983315439347386, 49.911096775928634 ], [ 23.981685036266928, 49.914235942918992 ], [ 23.981577783775755, 49.915206421165621 ], [ 23.980975340000022, 49.916233746967933 ], [ 23.981062293736041, 49.91744410000652 ], [ 23.98107447270035, 49.917458574192281 ], [ 23.981821616829453, 49.918346504420754 ], [ 23.981922901900376, 49.918870553003067 ], [ 23.981923735935293, 49.918872015517309 ], [ 23.982063605189428, 49.919597307193065 ], [ 23.982075061137227, 49.919612128779022 ], [ 23.98207757616176, 49.919623015279001 ], [ 23.982082633720552, 49.919631439498595 ], [ 23.98164347037654, 49.920057495621855 ], [ 23.981594740644852, 49.920104770739293 ], [ 23.98164347037654, 49.920057495621855 ], [ 23.982329255254911, 49.920231335895807 ], [ 23.9834652316747, 49.920290319923112 ], [ 23.985649237952718, 49.920407108084298 ], [ 23.988705380965953, 49.920506200847711 ], [ 23.991279650110748, 49.920731518158831 ], [ 23.991343777811871, 49.921239952829538 ], [ 23.994566652848, 49.921068902320705 ], [ 23.996376886239506, 49.920973349703338 ], [ 23.999711526697574, 49.921064183677395 ], [ 24.003317335720364, 49.921133783619645 ], [ 24.003562853204627, 49.92183213680012 ], [ 24.003969606051719, 49.923009405240329 ], [ 24.005264069504239, 49.923447629586626 ], [ 24.007432501912014, 49.923459425610901 ], [ 24.010547275966228, 49.923483017650732 ], [ 24.013914896384875, 49.9235113280833 ], [ 24.017172583601603, 49.923483017650732 ], [ 24.020324002056462, 49.923442911176139 ], [ 24.023832703417547, 49.923419319116654 ], [ 24.028186058213347, 49.923398086253279 ], [ 24.032861883734771, 49.92336977575421 ], [ 24.037167600809731, 49.923339106028102 ], [ 24.041297424761645, 49.923315513917835 ], [ 24.045573826316101, 49.923289562583221 ], [ 24.049579059305835, 49.923268329662648 ], [ 24.053104250647209, 49.923251815162438 ], [ 24.057644491886268, 49.923067796062952 ], [ 24.061730342557389, 49.922912087045475 ], [ 24.065240876138528, 49.92277761067114 ], [ 24.068546201076067, 49.922657289386649 ], [ 24.071529055288007, 49.92254404555046 ], [ 24.074022706751418, 49.922449675483719 ] ] ] ] } },
{ "type": "Feature", "properties": { "fid": 9, "MOID": "2683390582180545712", "ID": "11", "NAME": "Дублянська громада", "EDITOR_DAT": null, "KOATUU": "4622710200" }, "geometry": { "type": "MultiPolygon", "coordinates": [ [ [ [ 24.089506798240965, 49.889287809515956 ], [ 24.088658480366181, 49.88904286796248 ], [ 24.086798777033817, 49.888505762855416 ], [ 24.086969173496794, 49.889755851003322 ], [ 24.083759124000903, 49.890320091705689 ], [ 24.079638461149152, 49.891077910889038 ], [ 24.080325543661107, 49.892824863049938 ], [ 24.080939337371792, 49.893640479194971 ], [ 24.081208673716489, 49.894221198931497 ], [ 24.080574725585439, 49.894810173802682 ], [ 24.079904133053773, 49.895170164923798 ], [ 24.075468328356539, 49.895683590236956 ], [ 24.073130415595841, 49.895958595112099 ], [ 24.07329348317867, 49.897081023649946 ], [ 24.071378813245346, 49.897195507532942 ], [ 24.06763511679863, 49.897425268561712 ], [ 24.067720785951643, 49.898020491606985 ], [ 24.068266787521157, 49.9018655102632 ], [ 24.068468331724652, 49.904053422753854 ], [ 24.068498563355202, 49.90526239655663 ], [ 24.068641476517673, 49.906349798061967 ], [ 24.068936463942826, 49.90779176203462 ], [ 24.069270844098643, 49.908959933645697 ], [ 24.06963179144492, 49.910241349963513 ], [ 24.069699583586093, 49.910443116833846 ], [ 24.070263907355915, 49.912078459267676 ], [ 24.070624854702217, 49.913120282709343 ], [ 24.070982137608421, 49.91415500466556 ], [ 24.071244145072995, 49.914908910102575 ], [ 24.071374232695248, 49.915260492645714 ], [ 24.071562951358558, 49.91577665364791 ], [ 24.072089714617732, 49.917207718000135 ], [ 24.072647625617432, 49.918725449240441 ], [ 24.072960935242893, 49.919572479405858 ], [ 24.073428151351038, 49.92084299675318 ], [ 24.074022706751418, 49.922449675483719 ], [ 24.074312197516445, 49.923218786145029 ], [ 24.07481056136514, 49.924548186220989 ], [ 24.075360227374698, 49.926021453680725 ], [ 24.076089450947396, 49.927932269939454 ], [ 24.076001504385861, 49.92842765438224 ], [ 24.076727063518515, 49.930010491500667 ], [ 24.077463615971357, 49.93163337633149 ], [ 24.080182630498694, 49.931404571750321 ], [ 24.083059215948758, 49.931163971946866 ], [ 24.084579958575254, 49.930991777232435 ], [ 24.086917871335952, 49.9307252280366 ], [ 24.087031468977919, 49.931088489408054 ], [ 24.087551819466977, 49.932902396452803 ], [ 24.088119807676868, 49.934831809114172 ], [ 24.086914206895884, 49.935402598541522 ], [ 24.084917087061122, 49.93636018875798 ], [ 24.085589053757822, 49.938239934897233 ], [ 24.088142252372272, 49.93777413261941 ], [ 24.090879589099931, 49.937269410131435 ], [ 24.093186354120093, 49.936846052378591 ], [ 24.095833912066187, 49.936354292324665 ], [ 24.097918978462488, 49.935969843319469 ], [ 24.098567584353781, 49.935664404653359 ], [ 24.099219854685142, 49.935553549986821 ], [ 24.101197736209578, 49.935216267198982 ], [ 24.101426763713558, 49.935623129009457 ], [ 24.102127587875756, 49.936876713510692 ], [ 24.10420990594201, 49.936150864935613 ], [ 24.106868457208304, 49.935227470686144 ], [ 24.108942530284416, 49.934510442257078 ], [ 24.111132033222539, 49.933760381364323 ], [ 24.11411855187454, 49.932901806767163 ], [ 24.117608931035313, 49.931895792619386 ], [ 24.121720432786901, 49.930711664653082 ], [ 24.125465490532104, 49.92963601721938 ], [ 24.126519017050441, 49.929085210391044 ], [ 24.126374271667917, 49.930820171613817 ], [ 24.129164742776506, 49.931387470333306 ], [ 24.130577384421098, 49.931330858702822 ], [ 24.134439704248344, 49.931177535202977 ], [ 24.137677237044709, 49.93105369663548 ], [ 24.139696343519866, 49.930880322106376 ], [ 24.142545445669473, 49.930639719685715 ], [ 24.146094455871264, 49.930322452892845 ], [ 24.148450690832281, 49.930111333683811 ], [ 24.148748426587471, 49.931380393883146 ], [ 24.149237629335982, 49.933478515841131 ], [ 24.152603417534586, 49.933190751848919 ], [ 24.155811634810444, 49.932920676702928 ], [ 24.158570958178487, 49.932688340104235 ], [ 24.160423332630739, 49.933031537426331 ], [ 24.162413123585385, 49.933403036927452 ], [ 24.162894081343758, 49.933460235802571 ], [ 24.163475811203885, 49.933572274639573 ], [ 24.163597653836003, 49.93364893264112 ], [ 24.163617808256355, 49.933750356886549 ], [ 24.163619640476387, 49.935235136228492 ], [ 24.163786372499285, 49.935106590818776 ], [ 24.166094969739479, 49.933747998185595 ], [ 24.16938197247671, 49.931820900925608 ], [ 24.170158833770241, 49.931613326488886 ], [ 24.170294418052599, 49.931546100485328 ], [ 24.170373203513972, 49.931437595158961 ], [ 24.170349384653559, 49.931347960139881 ], [ 24.169854685244946, 49.929668452114747 ], [ 24.169308683675439, 49.927802525553531 ], [ 24.168759017665863, 49.925908217747178 ], [ 24.168330278178399, 49.924436126404956 ], [ 24.168123237314795, 49.923710680241875 ], [ 24.167899706470905, 49.923728374180627 ], [ 24.167689001167236, 49.922870800479181 ], [ 24.167298738300442, 49.921334915091364 ], [ 24.167353704901394, 49.920743904682006 ], [ 24.16919875047352, 49.920638914051054 ], [ 24.169176763833136, 49.919027456131708 ], [ 24.169000870710075, 49.917458415338722 ], [ 24.168623433383498, 49.916427303587732 ], [ 24.164947999999505, 49.916843762132352 ], [ 24.164786764636702, 49.916617246882844 ], [ 24.164860053437973, 49.916481573176974 ], [ 24.164409327310132, 49.914657609599821 ], [ 24.163980587822667, 49.91296336170538 ], [ 24.163606814936159, 49.911429520493748 ], [ 24.163368626332012, 49.910454916039896 ], [ 24.162727349320846, 49.90872512162408 ], [ 24.162393885275044, 49.907792942020222 ], [ 24.158846707293279, 49.908345172112483 ], [ 24.154738869981763, 49.908972913171311 ], [ 24.150759288072472, 49.909584126878336 ], [ 24.146680766281456, 49.910216571517736 ], [ 24.143049306178227, 49.910778213162779 ], [ 24.138124298732482, 49.91153099149615 ], [ 24.134075092461977, 49.912153971576018 ], [ 24.130696478723149, 49.912680194691909 ], [ 24.130249417035365, 49.912805260327858 ], [ 24.130036879511664, 49.912833577030597 ], [ 24.12718044848193, 49.913653574335029 ], [ 24.125557101533662, 49.914313101618028 ], [ 24.125399530610917, 49.91388718252594 ], [ 24.124754589159689, 49.912124474594641 ], [ 24.124179272069675, 49.910552849338771 ], [ 24.123508679537998, 49.908723941661279 ], [ 24.122944355768176, 49.907208845619365 ], [ 24.127030206439319, 49.906132673729751 ], [ 24.128419029223497, 49.905851826676532 ], [ 24.130445464578781, 49.90544353350618 ], [ 24.132321657891442, 49.905181563235828 ], [ 24.134106240202513, 49.904938472433095 ], [ 24.135088310139611, 49.904740222716207 ], [ 24.136337884201374, 49.904570293738963 ], [ 24.136979161212537, 49.90430595858458 ], [ 24.138510897159208, 49.904612776039393 ], [ 24.140650930156461, 49.904638737426794 ], [ 24.143238024841509, 49.904140748377543 ], [ 24.143534844486677, 49.904700100650565 ], [ 24.14593871716853, 49.90434136069819 ], [ 24.145594259802532, 49.903784364432845 ], [ 24.144392323461602, 49.901867870524299 ], [ 24.143340629163298, 49.90018497504154 ], [ 24.143527515606547, 49.899044915717027 ], [ 24.141834544297073, 49.898332069905202 ], [ 24.138107808752189, 49.896759995230319 ], [ 24.135187250021335, 49.895541956213449 ], [ 24.132361966732148, 49.894359295889139 ], [ 24.130196282654438, 49.893450445405925 ], [ 24.127378328245374, 49.893016079649477 ], [ 24.126333962827189, 49.892857912886733 ], [ 24.125564430413792, 49.892713909860881 ], [ 24.122189481115033, 49.892175665238398 ], [ 24.118059657163133, 49.891486325639001 ], [ 24.114871594307626, 49.890952788915676 ], [ 24.113039374275722, 49.891096797196475 ], [ 24.108180326751125, 49.891472161023437 ], [ 24.105377030102318, 49.891696433614861 ], [ 24.104673457610065, 49.891727123467362 ], [ 24.10086427216374, 49.891911262172513 ], [ 24.09936918061771, 49.892126089773875 ], [ 24.099010065491459, 49.892042283515678 ], [ 24.096802240353018, 49.891521737159685 ], [ 24.095624122872511, 49.89115817764457 ], [ 24.092406744496486, 49.890176081107356 ], [ 24.089506798240965, 49.889287809515956 ] ] ] ] } },
{ "type": "Feature", "properties": { "fid": 10, "MOID": "2683390582180545713", "ID": "12", "NAME": "Зашківська громада", "EDITOR_DAT": null, "KOATUU": "4622784101" }, "geometry": { "type": "MultiPolygon", "coordinates": [ [ [ [ 23.939231775664592, 49.937494649091292 ], [ 23.936620404064129, 49.938655025790816 ], [ 23.935447783243713, 49.93711256772081 ], [ 23.934403417825528, 49.935921492153795 ], [ 23.933260112525623, 49.935171453224307 ], [ 23.932322015869289, 49.934322338460142 ], [ 23.931944578542716, 49.933039203317975 ], [ 23.930801273242807, 49.93262642280132 ], [ 23.928958059890721, 49.930965830030296 ], [ 23.927649854787944, 49.929795832583466 ], [ 23.926924295655311, 49.929142414390945 ], [ 23.926763060292505, 49.928359244452594 ], [ 23.926556019428901, 49.927278826482407 ], [ 23.925108565603697, 49.927022872388868 ], [ 23.924163140067236, 49.92650152390258 ], [ 23.922065248130707, 49.926739787937592 ], [ 23.921874697247397, 49.926758660286062 ], [ 23.920685586446691, 49.927701088790357 ], [ 23.920379605701363, 49.927939346895855 ], [ 23.920584814344938, 49.928819240386254 ], [ 23.920364947941106, 49.929554045295632 ], [ 23.921205936935753, 49.930353707892664 ], [ 23.920134088217093, 49.930858502818715 ], [ 23.919633892148379, 49.931377445361903 ], [ 23.918422794707297, 49.930929268040018 ], [ 23.917739376635399, 49.931346780730614 ], [ 23.917682577814411, 49.931462362700621 ], [ 23.917574476832531, 49.932166463203636 ], [ 23.917539664651922, 49.932381111562201 ], [ 23.916376204931666, 49.933008539744037 ], [ 23.916894723200699, 49.933318712688759 ], [ 23.91852539902909, 49.934353001198147 ], [ 23.919199656000828, 49.934794070731854 ], [ 23.919921550693395, 49.935291743272622 ], [ 23.921378165618755, 49.93611135864743 ], [ 23.921647501963442, 49.936815391226965 ], [ 23.922462839877639, 49.937335448888433 ], [ 23.92278347838322, 49.93778120813073 ], [ 23.923116942429022, 49.938389698217229 ], [ 23.923416510404234, 49.938860801058595 ], [ 23.922640565220725, 49.939315979904123 ], [ 23.923127935749211, 49.939916196211968 ], [ 23.924131992326693, 49.941104814692437 ], [ 23.924514926313361, 49.941471535308075 ], [ 23.92511039782373, 49.94203870864073 ], [ 23.923820514921271, 49.942906553455053 ], [ 23.923255275041427, 49.943286820203774 ], [ 23.922473833197824, 49.943453664977106 ], [ 23.920896291750356, 49.944088023574949 ], [ 23.919575261107354, 49.94402376272177 ], [ 23.9173894226093, 49.944488325491584 ], [ 23.916453158172995, 49.9445844210383 ], [ 23.915559034797429, 49.944952883781227 ], [ 23.914303964075579, 49.94546990595007 ], [ 23.913659938734362, 49.945505277845463 ], [ 23.912791466439245, 49.945715150557206 ], [ 23.911684805539974, 49.945961572967349 ], [ 23.911243240512295, 49.946671946304939 ], [ 23.912349901411556, 49.946995000589617 ], [ 23.91243235131299, 49.947609269365806 ], [ 23.912529458974685, 49.948325513372474 ], [ 23.911983457405178, 49.948671546784517 ], [ 23.911750307406113, 49.948816856496592 ], [ 23.911600981473516, 49.949380406445876 ], [ 23.911832757307543, 49.949748832502927 ], [ 23.911985289625207, 49.95003119232539 ], [ 23.911978876855098, 49.950628917260708 ], [ 23.911973380195001, 49.951419977712192 ], [ 23.911971547974968, 49.952258181091047 ], [ 23.911990786285298, 49.952883582125494 ], [ 23.913052557793787, 49.952911875288478 ], [ 23.913165239325753, 49.953844361482616 ], [ 23.913209212606517, 49.954300577606283 ], [ 23.913255018107314, 49.954827519532699 ], [ 23.91330998470827, 49.95524128868162 ], [ 23.913335635788719, 49.955424006119976 ], [ 23.914114329302276, 49.955866061570767 ], [ 23.914944324976727, 49.956336993513105 ], [ 23.914917757786267, 49.956583361580307 ], [ 23.91402821496078, 49.956858608623847 ], [ 23.913524354452012, 49.957017744312367 ], [ 23.913183561526079, 49.957162144759764 ], [ 23.912195078818865, 49.956854482876778 ], [ 23.910887331771093, 49.955920876163852 ], [ 23.90990434572398, 49.955633246205842 ], [ 23.909023963998656, 49.955410449688664 ], [ 23.908743634333774, 49.955856041692158 ], [ 23.908318559286371, 49.956461945896116 ], [ 23.907828440427842, 49.957229335024401 ], [ 23.907376798189979, 49.957970779262403 ], [ 23.907271445538139, 49.958149360707353 ], [ 23.906837209390577, 49.958602589189674 ], [ 23.906675057917759, 49.958774685233145 ], [ 23.906327852221715, 49.958965640397061 ], [ 23.9058162047778, 49.959249714270378 ], [ 23.906139591613439, 49.959635745581934 ], [ 23.90685140909584, 49.960485003572373 ], [ 23.905962782380367, 49.960202115690549 ], [ 23.905530378452838, 49.960065975304971 ], [ 23.904946816372682, 49.959749491622276 ], [ 23.904563882386011, 49.960086013307965 ], [ 23.904100330717938, 49.960490307704276 ], [ 23.903541503608206, 49.960928780587857 ], [ 23.903499362547475, 49.961237595114525 ], [ 23.903656933470216, 49.961842252935959 ], [ 23.90383282659328, 49.962515264699185 ], [ 23.903841071583418, 49.96287239321488 ], [ 23.9038685548839, 49.963408670333145 ], [ 23.903901534844476, 49.963904279369082 ], [ 23.902911219917236, 49.96409344627633 ], [ 23.901219164717777, 49.964419330201814 ], [ 23.900939751162909, 49.964870142483498 ], [ 23.90096906668342, 49.965452951058381 ], [ 23.901004794974043, 49.965629736895536 ], [ 23.901514152142912, 49.965913771447639 ], [ 23.90125443495339, 49.966156849479233 ], [ 23.90129153740904, 49.966689554375648 ], [ 23.901573699293952, 49.96710557865714 ], [ 23.901946556070438, 49.967654183083447 ], [ 23.900578803816625, 49.967858066700778 ], [ 23.900456961184499, 49.968434357341536 ], [ 23.900339699102457, 49.968961144590075 ], [ 23.900211443700229, 49.969436662356344 ], [ 23.900096013838223, 49.969877410687758 ], [ 23.899648036040421, 49.970341724082878 ], [ 23.89913318221145, 49.970905022137281 ], [ 23.898753912664851, 49.97134575702178 ], [ 23.898695281623834, 49.971841873546794 ], [ 23.899833090263641, 49.972098767979851 ], [ 23.89901958456948, 49.972535956729267 ], [ 23.898171266694707, 49.972994352527259 ], [ 23.897785584377985, 49.973197035138334 ], [ 23.897030709724845, 49.973564689789022 ], [ 23.896013827607135, 49.973766191627107 ], [ 23.895477903247802, 49.973948838763008 ], [ 23.894908082817881, 49.973954141411447 ], [ 23.894572786552047, 49.97435419509128 ], [ 23.894297037437241, 49.974680009548436 ], [ 23.893740958657563, 49.974819643640473 ], [ 23.894295205217212, 49.975133082405229 ], [ 23.894905334487834, 49.975577313548108 ], [ 23.895670286351155, 49.975648013086449 ], [ 23.896273086741648, 49.975818869875283 ], [ 23.896897873772527, 49.975944950013201 ], [ 23.897515331923277, 49.975994439322832 ], [ 23.897933078090549, 49.97624542003809 ], [ 23.898746583784714, 49.976539996672422 ], [ 23.89927243093387, 49.976872276951497 ], [ 23.900292977491642, 49.977110291911089 ], [ 23.901734934656748, 49.977316492038085 ], [ 23.903622121289605, 49.976921765307381 ], [ 23.904265230520796, 49.976792152838833 ], [ 23.904813064310332, 49.976650757020423 ], [ 23.905826281987981, 49.976292552420787 ], [ 23.906366786897387, 49.97605924667517 ], [ 23.907577884338476, 49.975686897788286 ], [ 23.908614920876531, 49.975541963739992 ], [ 23.909225050147153, 49.975940236742971 ], [ 23.909573171953216, 49.97620535747653 ], [ 23.910053213601575, 49.976648400419926 ], [ 23.910394006527508, 49.977176276047878 ], [ 23.910685329512578, 49.977732424462431 ], [ 23.911137887860463, 49.977944513266308 ], [ 23.911495170766681, 49.978221405575482 ], [ 23.911958722434743, 49.978801106866641 ], [ 23.912792382549259, 49.97893542690084 ], [ 23.913554586082533, 49.979156936313558 ], [ 23.914201359753793, 49.979365484137077 ], [ 23.914663079201834, 49.97954575356119 ], [ 23.915302523992963, 49.979958132056851 ], [ 23.915740424580594, 49.980252685961126 ], [ 23.915817377821934, 49.980300992629289 ], [ 23.916262607289685, 49.980667414801196 ], [ 23.916619890195904, 49.980921905728501 ], [ 23.917393087049369, 49.981710112142196 ], [ 23.918140632822382, 49.982354570271504 ], [ 23.918552882329557, 49.982709195285459 ], [ 23.919161179380147, 49.983286486228138 ], [ 23.91959358330768, 49.984584776466718 ], [ 23.919883074072718, 49.985741662563726 ], [ 23.920168900397698, 49.987127061848156 ], [ 23.920337464640628, 49.988307447101818 ], [ 23.920425411202164, 49.989261629576184 ], [ 23.920436404522352, 49.98946188769208 ], [ 23.920659935366245, 49.990180454067499 ], [ 23.921213265815879, 49.991226479043696 ], [ 23.921667656383793, 49.991641113278099 ], [ 23.922155026912279, 49.992053388091712 ], [ 23.923291003332057, 49.992689462299587 ], [ 23.923908461482807, 49.992595229614487 ], [ 23.925218498805616, 49.992226542459477 ], [ 23.926546858328745, 49.991915570904425 ], [ 23.927708485828969, 49.991331315878128 ], [ 23.928259984058574, 49.990851891633298 ], [ 23.928937905470377, 49.990476123343662 ], [ 23.929690947903488, 49.990417225226459 ], [ 23.930790279922629, 49.989770519155527 ], [ 23.931422395833629, 49.989257506606201 ], [ 23.932342170289644, 49.989064315617036 ], [ 23.933657704272544, 49.988286831839424 ], [ 23.935150047488527, 49.987445721600032 ], [ 23.93546976988409, 49.987264303737632 ], [ 23.936446343161094, 49.986556296313005 ], [ 23.937386272037458, 49.985871839960311 ], [ 23.938505758476953, 49.985093126483072 ], [ 23.939676547077337, 49.984928193115188 ], [ 23.940185904246206, 49.984706710274409 ], [ 23.941928345496542, 49.984024583842057 ], [ 23.941798257874279, 49.983699421723799 ], [ 23.941816580074601, 49.983314172456382 ], [ 23.943502222503948, 49.982543664665727 ], [ 23.945345435856044, 49.981802598894241 ], [ 23.945805323084056, 49.98160819978272 ], [ 23.946290861392505, 49.981406730783689 ], [ 23.946930306183638, 49.9811699152675 ], [ 23.948278820127115, 49.980785823941765 ], [ 23.949475259807951, 49.980387591047155 ], [ 23.950825605971463, 49.979974038013737 ], [ 23.95229687865708, 49.979561659654408 ], [ 23.953551949378934, 49.979222328524997 ], [ 23.955173464107169, 49.979025562503011 ], [ 23.956620917932369, 49.978943085487984 ], [ 23.959030287274324, 49.978632028044892 ], [ 23.96003800829186, 49.978487102867611 ], [ 23.961363619484946, 49.977958652486656 ], [ 23.9620442892268, 49.977525636978505 ], [ 23.963224238927339, 49.977060214604023 ], [ 23.963944301399874, 49.976775067532856 ], [ 23.965386258564983, 49.976070440663541 ], [ 23.966479177814005, 49.975530180464844 ], [ 23.967827691757488, 49.974834962123815 ], [ 23.968108021422371, 49.974688257987097 ], [ 23.969282474462815, 49.973996562577859 ], [ 23.970068496856502, 49.973465116931834 ], [ 23.970942465811721, 49.973085677646658 ], [ 23.97129058761778, 49.973910541840361 ], [ 23.971398688599663, 49.974437269149767 ], [ 23.971332728678512, 49.975463604906054 ], [ 23.971325399798385, 49.975603825887177 ], [ 23.973047686628369, 49.975748759749145 ], [ 23.97418732748822, 49.975846560401173 ], [ 23.975528512551566, 49.976425111999546 ], [ 23.976085507441265, 49.976445143193025 ], [ 23.976543562449244, 49.9772852675042 ], [ 23.976702965592018, 49.977592798822847 ], [ 23.977587927867429, 49.977781322797341 ], [ 23.977283779342127, 49.978695653594571 ], [ 23.977003449677248, 49.979540451528926 ], [ 23.976979630816839, 49.979620571064991 ], [ 23.977879250852499, 49.979996424166373 ], [ 23.977721679929754, 49.980234423671483 ], [ 23.977501813525929, 49.980837664667796 ], [ 23.977296604882355, 49.981809667938023 ], [ 23.977263624921783, 49.981974611998439 ], [ 23.976862368734796, 49.983032596881223 ], [ 23.976734113332562, 49.983377791814121 ], [ 23.9765985290502, 49.984350921874046 ], [ 23.97647577030806, 49.985206223322777 ], [ 23.976243078364007, 49.986813112190667 ], [ 23.976023211960175, 49.98832099426938 ], [ 23.975645774633605, 49.98960972476614 ], [ 23.97564211019354, 49.989667445890838 ], [ 23.975568821392269, 49.990880751458867 ], [ 23.97553400921166, 49.991457355365277 ], [ 23.976509666378647, 49.991977411998825 ], [ 23.977420279734499, 49.992672382639086 ], [ 23.977867341422289, 49.993021042092259 ], [ 23.980241898583635, 49.992582861560827 ], [ 23.990003966913605, 49.991037418781396 ], [ 23.998355225819008, 49.989748726540817 ], [ 24.001393046631893, 49.989258684597637 ], [ 24.00425863876179, 49.989030153715014 ], [ 24.006508604960963, 49.988707381443248 ], [ 24.009048061925181, 49.988196124580007 ], [ 24.011136792761544, 49.988054762276271 ], [ 24.012320406902155, 49.988009997460146 ], [ 24.013236516918106, 49.988225575007661 ], [ 24.012983670553698, 49.98657161105973 ], [ 24.012734488629359, 49.984965892220536 ], [ 24.012492635585151, 49.983395463843003 ], [ 24.012294755821699, 49.982125417501628 ], [ 24.011970452876056, 49.981179340782937 ], [ 24.013099100415701, 49.981103936607582 ], [ 24.014399976638348, 49.978478855080134 ], [ 24.015118206890854, 49.977013082973279 ], [ 24.01523546897289, 49.976130534661884 ], [ 24.017426804131045, 49.975637997324831 ], [ 24.018568277210921, 49.975377586791026 ], [ 24.019042822199179, 49.974364211120118 ], [ 24.019387279565173, 49.973644819275982 ], [ 24.019584701273608, 49.97221955502603 ], [ 24.01994519056489, 49.971311582536053 ], [ 24.020181546948997, 49.970708222101926 ], [ 24.020216817184618, 49.970249215299283 ], [ 24.020243384375075, 49.969865626025523 ], [ 24.020254377695267, 49.969068976168288 ], [ 24.020296518756005, 49.966219312969095 ], [ 24.02032400205648, 49.964139706606261 ], [ 24.022555646055338, 49.963825017624636 ], [ 24.024981505377571, 49.963485575518 ], [ 24.026949309691833, 49.962935155625857 ], [ 24.028556166659804, 49.962484914546422 ], [ 24.028730227562839, 49.962435411343577 ], [ 24.02842058237745, 49.960910216292703 ], [ 24.028203464303665, 49.959818741023014 ], [ 24.029228591411513, 49.958431376590795 ], [ 24.029212559486236, 49.957920976728083 ], [ 24.028913907621043, 49.957550845036764 ], [ 24.027428435230171, 49.956220587109819 ], [ 24.02883787048971, 49.95613276639655 ], [ 24.030710399362313, 49.95601488599273 ], [ 24.032168846507705, 49.955925296692818 ], [ 24.033841663396831, 49.955819203885241 ], [ 24.035617084607743, 49.955688355767315 ], [ 24.038756593632399, 49.955464970095662 ], [ 24.039782636850266, 49.955272822224494 ], [ 24.039419857283946, 49.954340363691223 ], [ 24.039301679091881, 49.95401735867388 ], [ 24.038986537246398, 49.952956378042408 ], [ 24.038838127423809, 49.952230182268536 ], [ 24.038618261019984, 49.951163267641057 ], [ 24.03844969677704, 49.9503450872622 ], [ 24.038326938034903, 49.949780369642447 ], [ 24.038344344125207, 49.948696305468246 ], [ 24.038369995205656, 49.946719107649415 ], [ 24.037128666134038, 49.946520440173238 ], [ 24.036102622916172, 49.945379707499235 ], [ 24.036059565745418, 49.945080223849835 ], [ 24.036091629595976, 49.944976465300797 ], [ 24.035689915353984, 49.944392524525639 ], [ 24.03517643569004, 49.94364084879642 ], [ 24.033867772532282, 49.941703239981535 ], [ 24.030910569400799, 49.942099434703763 ], [ 24.025468875906054, 49.942828141488683 ], [ 24.021412340755433, 49.943304506956316 ], [ 24.018913192631903, 49.943604001645518 ], [ 24.014962926243125, 49.943823315473161 ], [ 24.013112384010906, 49.943929434708721 ], [ 24.011313143939596, 49.943986031538756 ], [ 24.008828653576334, 49.944070926659172 ], [ 24.00355185988446, 49.945129744896818 ], [ 24.003148771477445, 49.944103941387809 ], [ 24.000239206066777, 49.944832617851844 ], [ 23.999733513337983, 49.944186478110396 ], [ 23.997674098022124, 49.944339760220075 ], [ 23.9932218033446, 49.944679337310461 ], [ 23.992946970339808, 49.943905852676579 ], [ 23.989931136167293, 49.94382803188855 ], [ 23.988894099629256, 49.943743136340117 ], [ 23.987541921245707, 49.943408269106691 ], [ 23.984570060353963, 49.943033309371565 ], [ 23.98344507725437, 49.943040384110539 ], [ 23.982917397885192, 49.942979069671395 ], [ 23.982411705156377, 49.942066418601378 ], [ 23.981576212821835, 49.940854240319318 ], [ 23.981081513413237, 49.940927349212245 ], [ 23.980806680408442, 49.940941499307741 ], [ 23.980696747206526, 49.941764556044518 ], [ 23.980528182963603, 49.943049817094277 ], [ 23.979916221472948, 49.94321017753478 ], [ 23.978846204974303, 49.942948412422574 ], [ 23.97621147256843, 49.942314038817855 ], [ 23.972191581818457, 49.941585324256458 ], [ 23.9709823165974, 49.941474483211778 ], [ 23.970894370035868, 49.939415623404145 ], [ 23.969589829373152, 49.939432132366505 ], [ 23.969758393616075, 49.941042908203876 ], [ 23.968571115035402, 49.941184408632473 ], [ 23.968615088316167, 49.941849455079819 ], [ 23.968457517393443, 49.943026234631517 ], [ 23.96822299322934, 49.943264416974735 ], [ 23.96584477162795, 49.943365820981292 ], [ 23.963803678512395, 49.943750210974862 ], [ 23.963675423110168, 49.944483609140882 ], [ 23.960117251808217, 49.945103805307205 ], [ 23.95956392135859, 49.944471818261903 ], [ 23.959234121752836, 49.943802091597973 ], [ 23.958442602699066, 49.943662957073649 ], [ 23.958112803093311, 49.945830108537081 ], [ 23.954631585032704, 49.945742858403165 ], [ 23.953466293092411, 49.945634385043327 ], [ 23.951033104890058, 49.94509437272567 ], [ 23.949127596056879, 49.94432089475599 ], [ 23.948097888398937, 49.943653524209999 ], [ 23.946917938698409, 49.942903605639152 ], [ 23.946078781923795, 49.942238573743893 ], [ 23.94532940393076, 49.941633669738671 ], [ 23.94424289745184, 49.941599474158728 ], [ 23.943396411797103, 49.941317654489417 ], [ 23.942454650700697, 49.94080825241042 ], [ 23.94217065659576, 49.940379029810892 ], [ 23.94148540630383, 49.939357841991416 ], [ 23.941236224379495, 49.938813042407212 ], [ 23.940572960727948, 49.938209274632634 ], [ 23.939913361516446, 49.937805972412242 ], [ 23.939231775664592, 49.937494649091292 ] ] ] ] } },
{ "type": "Feature", "properties": { "fid": 11, "MOID": "2683390582180545714", "ID": "13", "NAME": "Лисиничівська громада", "EDITOR_DAT": null, "KOATUU": "4623683801" }, "geometry": { "type": "MultiPolygon", "coordinates": [ [ [ [ 24.151716360798549, 49.830158007657012 ], [ 24.151649573533298, 49.829903066022908 ], [ 24.151435903365154, 49.829101142820399 ], [ 24.150992322473009, 49.827464007996781 ], [ 24.150415977730383, 49.827571131804469 ], [ 24.149278427509749, 49.827743491174033 ], [ 24.146049238005844, 49.828149955487156 ], [ 24.144396428116583, 49.828376026463062 ], [ 24.143360992867599, 49.828418826530601 ], [ 24.142266677824704, 49.828442641234332 ], [ 24.141437066460981, 49.828435763447189 ], [ 24.141060321464707, 49.828344750045567 ], [ 24.140501031320724, 49.828181578528557 ], [ 24.1403008885414, 49.828132273491846 ], [ 24.139994839434483, 49.828083062417797 ], [ 24.139800637621796, 49.828064200413223 ], [ 24.139453552967879, 49.828087337831484 ], [ 24.13881213395581, 49.828038410928386 ], [ 24.138417870406727, 49.828008299910643 ], [ 24.137941235610146, 49.827978257727771 ], [ 24.137599841411259, 49.827906233627715 ], [ 24.137134760389316, 49.8277696088008 ], [ 24.136993536961764, 49.827762115731531 ], [ 24.136634632273427, 49.827758611749559 ], [ 24.136046211381736, 49.827728655656202 ], [ 24.135413538845579, 49.827634031240763 ], [ 24.135128109029818, 49.827592400273979 ], [ 24.135081400840768, 49.82777513108703 ], [ 24.133198549883705, 49.827723386905596 ], [ 24.132127634304599, 49.82767096646235 ], [ 24.129397380825274, 49.827520879323366 ], [ 24.128526405264012, 49.827407369585082 ], [ 24.128350106215095, 49.827521689251697 ], [ 24.128009419063741, 49.827826436913242 ], [ 24.127880284190184, 49.827994001188102 ], [ 24.127716109951113, 49.828306225095453 ], [ 24.127493019529709, 49.828572820044847 ], [ 24.127175923851009, 49.828915608550801 ], [ 24.126953192584811, 49.829387731070938 ], [ 24.126895427030441, 49.82998152138444 ], [ 24.126844512141048, 49.830179475403156 ], [ 24.126727872749125, 49.830456936778589 ], [ 24.126554516158187, 49.830863719311672 ], [ 24.126274756089703, 49.831264325325421 ], [ 24.126042992247669, 49.831464696919134 ], [ 24.125617968034536, 49.831765311119888 ], [ 24.125270114117587, 49.831953255248465 ], [ 24.12484489308649, 49.832147511674833 ], [ 24.124458312563025, 49.832316713410883 ], [ 24.124139280011203, 49.832398277878056 ], [ 24.123887917627126, 49.832461023525077 ], [ 24.123665537944351, 49.832504978979792 ], [ 24.123394765215231, 49.832530200616176 ], [ 24.123152997425148, 49.832549144444698 ], [ 24.122628164093985, 49.832549523231506 ], [ 24.122149094941538, 49.832525222707289 ], [ 24.121948959047607, 49.832483498274627 ], [ 24.121754656238238, 49.83240751527601 ], [ 24.121672128139124, 49.832320035217606 ], [ 24.121518318165158, 49.831836772624619 ], [ 24.121341484225439, 49.831650400950764 ], [ 24.120876131094832, 49.831346243644283 ], [ 24.120717164294231, 49.831289264649314 ], [ 24.120464071916516, 49.831239963697747 ], [ 24.118169383475646, 49.831287221566861 ], [ 24.117828248158947, 49.83137118714415 ], [ 24.117281069445337, 49.831394393653248 ], [ 24.117240486714483, 49.831771221250371 ], [ 24.11727617139988, 49.832007173980315 ], [ 24.117158463189149, 49.83199202865427 ], [ 24.117034841021226, 49.831954051497803 ], [ 24.116981810173247, 49.831908414621807 ], [ 24.116934718475434, 49.831897027810136 ], [ 24.116875882827919, 49.831900873365385 ], [ 24.116275897281959, 49.832023067662547 ], [ 24.11622888419107, 49.832061159099624 ], [ 24.116011953094379, 49.832552286009992 ], [ 24.114565647178669, 49.833325868211901 ], [ 24.113236419671058, 49.833311507631542 ], [ 24.113125486927338, 49.834301148739875 ], [ 24.112940233722448, 49.836303258976606 ], [ 24.112742744306821, 49.838012308704172 ], [ 24.112679019138216, 49.838678410069072 ], [ 24.112026009397976, 49.838819646417946 ], [ 24.111868191631174, 49.839539092584808 ], [ 24.112586259426191, 49.839599537306889 ], [ 24.112498546420294, 49.839972586938714 ], [ 24.113534629184837, 49.840173649297157 ], [ 24.113341104760632, 49.840622888686788 ], [ 24.114324284749816, 49.840854426218847 ], [ 24.114517900576296, 49.840473693731603 ], [ 24.116478153331478, 49.840788307388699 ], [ 24.117567255299178, 49.841004522285807 ], [ 24.117938250321831, 49.84114128979131 ], [ 24.118179825752957, 49.841316204458231 ], [ 24.118315560545156, 49.841544475502005 ], [ 24.118362811029854, 49.841647206940969 ], [ 24.118354246694235, 49.841810873891781 ], [ 24.118269535711384, 49.842193441013087 ], [ 24.118246477863234, 49.842490329924182 ], [ 24.118231915871487, 49.842585491270704 ], [ 24.118193827979454, 49.842686377825196 ], [ 24.118152728730106, 49.842747302677459 ], [ 24.118067482252716, 49.842802548911322 ], [ 24.117655756649746, 49.842958876463264 ], [ 24.116576455342734, 49.843382075148995 ], [ 24.115808807708465, 49.843641396974341 ], [ 24.114402535640192, 49.843878293126778 ], [ 24.113537533906168, 49.843991129761086 ], [ 24.113563659914401, 49.843758943150689 ], [ 24.11362216271046, 49.843528638539112 ], [ 24.112803923839067, 49.843426397089331 ], [ 24.112547812672045, 49.843365662496716 ], [ 24.11240066593502, 49.843356240162528 ], [ 24.112218972658088, 49.843860658175387 ], [ 24.110320285767511, 49.843450783504231 ], [ 24.108718845370866, 49.843044505487278 ], [ 24.10755610988064, 49.842784481098676 ], [ 24.107391249086913, 49.842737002718025 ], [ 24.107208865577576, 49.842784685245071 ], [ 24.106428777263442, 49.842585321932994 ], [ 24.105383852774761, 49.842388007862056 ], [ 24.104918780185162, 49.842293120360672 ], [ 24.10453610371529, 49.842201991274841 ], [ 24.104500874806202, 49.84225910185922 ], [ 24.104462712374083, 49.842334905841106 ], [ 24.104421300000119, 49.8447735 ], [ 24.102849100000068, 49.844715699999981 ], [ 24.102853700000075, 49.845085200000014 ], [ 24.100431600000029, 49.84505810000006 ], [ 24.100469299999979, 49.844807200000098 ], [ 24.099448, 49.844742100000069 ], [ 24.09891308343402, 49.844933969699618 ], [ 24.098004209833654, 49.845313137310519 ], [ 24.096807064499099, 49.845818041352018 ], [ 24.096471734216355, 49.845951419564614 ], [ 24.096059969020427, 49.846159052405625 ], [ 24.096930200000024, 49.847302200000094 ], [ 24.097465301354859, 49.847460027843852 ], [ 24.099284684468799, 49.848178445063745 ], [ 24.099284681246385, 49.848178444992854 ], [ 24.099244168438752, 49.848511152417309 ], [ 24.100011393105916, 49.850132133928234 ], [ 24.100042673217871, 49.850430893209506 ], [ 24.100081397494595, 49.850801963411648 ], [ 24.099548175018008, 49.85157867809172 ], [ 24.096671863118239, 49.851805831884548 ], [ 24.095923740908788, 49.851867830962703 ], [ 24.093898431612523, 49.85251246433134 ], [ 24.093690089739592, 49.852797613427867 ], [ 24.093619568770006, 49.852904216124678 ], [ 24.093572536835524, 49.85295942575803 ], [ 24.093437341181716, 49.853134567618966 ], [ 24.093190295800916, 49.853309761430893 ], [ 24.091942642471484, 49.85360720802764 ], [ 24.09113054900202, 49.853862580292144 ], [ 24.091166731406368, 49.854669447769233 ], [ 24.08929974278275, 49.855718777257174 ], [ 24.082555200000108, 49.859353800000058 ], [ 24.083529300000063, 49.860817700000041 ], [ 24.084002399999971, 49.862566100000087 ], [ 24.085500191086229, 49.862732156923833 ], [ 24.085508600000022, 49.862731 ], [ 24.086921993830984, 49.862577434204219 ], [ 24.087238967896507, 49.862406175654343 ], [ 24.087850929387166, 49.862073105563709 ], [ 24.088487625848252, 49.861855191442658 ], [ 24.089086761798683, 49.861762474296349 ], [ 24.089957982423854, 49.861765131796652 ], [ 24.094116205786253, 49.86177280901893 ], [ 24.095863227586673, 49.861778124018244 ], [ 24.096224174932956, 49.861080673000593 ], [ 24.096563135638856, 49.860412740530435 ], [ 24.097523218935567, 49.858541771775329 ], [ 24.098017918344176, 49.857576729898085 ], [ 24.099409947513411, 49.857490501228071 ], [ 24.100933896524946, 49.857679790675107 ], [ 24.102411581980675, 49.858539114097745 ], [ 24.103971717337835, 49.859228333592355 ], [ 24.105047230496563, 49.859696075926912 ], [ 24.106048538743998, 49.86017149121011 ], [ 24.106946784614639, 49.860429867119386 ], [ 24.108015426948239, 49.859684854888556 ], [ 24.109575104250393, 49.859257272327788 ], [ 24.110291044227861, 49.859229810058871 ], [ 24.110744060630751, 49.8590352113835 ], [ 24.111132491277505, 49.858753499621216 ], [ 24.112254726047048, 49.858604670102579 ], [ 24.11130517801551, 49.86311778047687 ], [ 24.112472302175828, 49.863004987382453 ], [ 24.114149699615027, 49.863015026569059 ], [ 24.116537998426608, 49.862817195154129 ], [ 24.118035838302685, 49.862640032005423 ], [ 24.120076931418222, 49.862094365425349 ], [ 24.121923809210386, 49.861938459556171 ], [ 24.123930090145326, 49.861769560963481 ], [ 24.123956657335782, 49.861401052893555 ], [ 24.124048268337376, 49.859927583083945 ], [ 24.125807199567991, 49.859686626631621 ], [ 24.127012800348986, 49.859316626210529 ], [ 24.128850517040977, 49.858749660770322 ], [ 24.131163694831251, 49.857710797456129 ], [ 24.13340816437033, 49.856704986395094 ], [ 24.135600415638503, 49.85572041706407 ], [ 24.136706160427753, 49.855591069032457 ], [ 24.136514235379416, 49.853722866840762 ], [ 24.136378651097058, 49.852407462691552 ], [ 24.139047279573521, 49.85178548319778 ], [ 24.140932633986342, 49.851355468003518 ], [ 24.141549176027077, 49.851798182764163 ], [ 24.142402532506928, 49.852401260656343 ], [ 24.143678673759148, 49.853315018598003 ], [ 24.14457462935475, 49.853954107291543 ], [ 24.145203080825691, 49.854457339390954 ], [ 24.146375701646107, 49.855514582248119 ], [ 24.147405867359033, 49.856455449875234 ], [ 24.148777742107924, 49.855106158489519 ], [ 24.149718587094306, 49.854182984042779 ], [ 24.150587975499437, 49.853322401833559 ], [ 24.151721203589165, 49.853160561051354 ], [ 24.153164992974308, 49.852952648010231 ], [ 24.153588235801678, 49.853058967290742 ], [ 24.155479086874603, 49.85293374678033 ], [ 24.157928765057257, 49.852846328495836 ], [ 24.161620688421536, 49.852706931444814 ], [ 24.163179907668681, 49.852652590112605 ], [ 24.165175195283425, 49.852673854119452 ], [ 24.167720148907733, 49.852706931444814 ], [ 24.168286304897592, 49.852645502108253 ], [ 24.170048900568283, 49.852458850952722 ], [ 24.171117084846877, 49.852425773457561 ], [ 24.171567810974722, 49.852751822064462 ], [ 24.172648820793551, 49.853536219846184 ], [ 24.174279496621942, 49.853507868340898 ], [ 24.177449237277127, 49.853460615795129 ], [ 24.18014626516408, 49.853415725833862 ], [ 24.184429995598659, 49.85334720949681 ], [ 24.18670927731835, 49.853311769973999 ], [ 24.186861351581001, 49.853031796830209 ], [ 24.187394527610284, 49.852014665557022 ], [ 24.189226747642184, 49.852053650076982 ], [ 24.19200988987064, 49.852113898818708 ], [ 24.192189447433769, 49.851511408021622 ], [ 24.192445958238238, 49.850641917865914 ], [ 24.192636509121552, 49.849990971382859 ], [ 24.192860039965442, 49.849223055911906 ], [ 24.193085403029372, 49.848465761168455 ], [ 24.193541625817318, 49.848425592317149 ], [ 24.194668441136933, 49.84787503940283 ], [ 24.194802193199262, 49.847319754360598 ], [ 24.193085403029368, 49.847065738863769 ], [ 24.193089067469433, 49.846096923319443 ], [ 24.193072577489151, 49.844490064486699 ], [ 24.193067080829053, 49.842330173028301 ], [ 24.193107389669755, 49.841289184314512 ], [ 24.193162356270715, 49.840157187039843 ], [ 24.193215490651639, 49.838954263186785 ], [ 24.193162356270712, 49.838415419221171 ], [ 24.193111054109821, 49.837896658063407 ], [ 24.193034100868484, 49.837123823602454 ], [ 24.193127544090107, 49.835983456616738 ], [ 24.193261296152436, 49.835319313400227 ], [ 24.193275953912689, 49.834746157562499 ], [ 24.193304353323185, 49.833747550235671 ], [ 24.193344662163881, 49.832220645673516 ], [ 24.193384054894569, 49.830795333672008 ], [ 24.193424363735275, 49.82939775437859 ], [ 24.19345184703575, 49.828467588314446 ], [ 24.192194944093863, 49.828070459870112 ], [ 24.191581150383175, 49.82807164180484 ], [ 24.191035148813672, 49.827984178556719 ], [ 24.189836876912807, 49.828220565349916 ], [ 24.188935424657114, 49.828467588314446 ], [ 24.187304748828723, 49.828911990088685 ], [ 24.185461535476634, 49.82954076434703 ], [ 24.184041564951908, 49.830045432509685 ], [ 24.182224002680261, 49.83057136913672 ], [ 24.18154058460836, 49.825933474646277 ], [ 24.181333543744753, 49.824520979605118 ], [ 24.181150321741562, 49.823282205239146 ], [ 24.180870908186694, 49.821390294433741 ], [ 24.180733491684304, 49.820448153180685 ], [ 24.18060340406204, 49.819755425323777 ], [ 24.180409188738651, 49.818705675471371 ], [ 24.182386154153082, 49.818717201564702 ], [ 24.182300955921598, 49.817841210647288 ], [ 24.181806256512989, 49.817652651823686 ], [ 24.18186488755401, 49.817367152269071 ], [ 24.181757702682145, 49.81603598097027 ], [ 24.179927314870277, 49.816086225667412 ], [ 24.17645342568979, 49.816180212666723 ], [ 24.172745928455239, 49.816453897040084 ], [ 24.169662302141543, 49.81668206468656 ], [ 24.167204378968751, 49.816880971614609 ], [ 24.163996161692893, 49.817144603311277 ], [ 24.16132020433631, 49.817365083425564 ], [ 24.16091436759924, 49.815980120628069 ], [ 24.160287748348335, 49.813870976084402 ], [ 24.159749075658958, 49.812050819220481 ], [ 24.157306842716565, 49.812330279173771 ], [ 24.157368315730224, 49.812426205195827 ], [ 24.158167416344099, 49.813707407272744 ], [ 24.158447960792376, 49.81417716884669 ], [ 24.1587509255627, 49.814795346119304 ], [ 24.159011484989506, 49.815503008494744 ], [ 24.159110844239578, 49.815840695316574 ], [ 24.159355449510784, 49.816707478429699 ], [ 24.159472758559588, 49.817106486897615 ], [ 24.159583528842276, 49.817710768897065 ], [ 24.159712538339466, 49.818561351999989 ], [ 24.159934729820193, 49.820025357530113 ], [ 24.160260265047853, 49.823686465246062 ], [ 24.160590064653601, 49.826004393812021 ], [ 24.160826421037719, 49.827635505928114 ], [ 24.161267986065404, 49.829579176043381 ], [ 24.161411815337917, 49.829870512993381 ], [ 24.162015531838435, 49.831101436557368 ], [ 24.160590064653618, 49.831277533478442 ], [ 24.1579296811673, 49.831600179193728 ], [ 24.155258304360789, 49.83196536899991 ], [ 24.152354235610229, 49.832330556048596 ], [ 24.151857703981577, 49.831034661382738 ], [ 24.151716360798549, 49.830158007657012 ] ] ] ] } },
{ "type": "Feature", "properties": { "fid": 12, "MOID": "2105208105154381364", "ID": "4", "NAME": "Шевченківський район", "EDITOR_DAT": null, "KOATUU": "4610137500" }, "geometry": { "type": "MultiPolygon", "coordinates": [ [ [ [ 24.064595679470074, 49.878395089147268 ], [ 24.064331150069748, 49.878130559746943 ], [ 24.063727692375259, 49.877436170071093 ], [ 24.063281299012214, 49.877072442145653 ], [ 24.0626563, 49.876071299999964 ], [ 24.062252900000026, 49.875639299999975 ], [ 24.061321, 49.874526100000011 ], [ 24.061212100000027, 49.874390700000028 ], [ 24.061069299999978, 49.874195300000039 ], [ 24.060952800000102, 49.874078600000125 ], [ 24.060837900000021, 49.873979300000073 ], [ 24.060667200000061, 49.8738234 ], [ 24.060366, 49.873512800000057 ], [ 24.059969900000109, 49.873052399999935 ], [ 24.059842100000019, 49.872904699999978 ], [ 24.0593652, 49.872360700000101 ], [ 24.058301100000048, 49.871121 ], [ 24.058159500000098, 49.870955900000062 ], [ 24.058081300000023, 49.8708649 ], [ 24.057916700000074, 49.870673100000076 ], [ 24.057226399999983, 49.869835900000098 ], [ 24.057033, 49.869616 ], [ 24.05692440000001, 49.869489800000046 ], [ 24.056768, 49.869308 ], [ 24.056601799999946, 49.8691132 ], [ 24.056311300000111, 49.868772800000094 ], [ 24.056049899999941, 49.868476900000118 ], [ 24.055962900000051, 49.868364900000053 ], [ 24.055521799999944, 49.867847900000115 ], [ 24.055267600000086, 49.867541599999967 ], [ 24.0547919, 49.866962700000045 ], [ 24.054086500000036, 49.866118700000015 ], [ 24.054022800000094, 49.86604190000007 ], [ 24.053788500000103, 49.865759599999969 ], [ 24.053591200000078, 49.865547500000034 ], [ 24.053569700000075, 49.865523399999965 ], [ 24.0533789, 49.865270400000021 ], [ 24.052897900000112, 49.864621399999962 ], [ 24.0526639, 49.864312700000013 ], [ 24.052549500000048, 49.864184100000031 ], [ 24.052144500000104, 49.863737399999984 ], [ 24.0520616, 49.8636412 ], [ 24.051089, 49.862512700000075 ], [ 24.051031100000042, 49.8624451 ], [ 24.0510054, 49.8624151 ], [ 24.050836899999918, 49.86221850000009 ], [ 24.050785, 49.862158500000128 ], [ 24.050637699999978, 49.861988200000035 ], [ 24.0505369, 49.861866400000096 ], [ 24.050362300000128, 49.861661600000033 ], [ 24.050196100000043, 49.861467300000115 ], [ 24.050145700000137, 49.861407599999929 ], [ 24.049837800000027, 49.861047800000037 ], [ 24.049775300000015, 49.860974700000028 ], [ 24.049644100000016, 49.8608201 ], [ 24.048148900000108, 49.859058300000122 ], [ 24.047612500000124, 49.858424100000022 ], [ 24.047474799999911, 49.858261400000039 ], [ 24.047064600000105, 49.857776400000084 ], [ 24.046560899999967, 49.857172600000055 ], [ 24.046524200000132, 49.857128 ], [ 24.0457037000001, 49.856132200000083 ], [ 24.045202500000013, 49.855547900000083 ], [ 24.045071199999988, 49.855396299999981 ], [ 24.044870899999971, 49.8551648 ], [ 24.0440704, 49.854255600000094 ], [ 24.043803, 49.854076900000031 ], [ 24.043688199999956, 49.854012 ], [ 24.0435036, 49.853964800000021 ], [ 24.0416613, 49.853769199999974 ], [ 24.041238799999967, 49.8537243 ], [ 24.041123400000053, 49.853711099999984 ], [ 24.041773199999962, 49.852448299999928 ], [ 24.041844200000011, 49.852326699999978 ], [ 24.041454900000129, 49.852306399999918 ], [ 24.040736299999988, 49.85223690000003 ], [ 24.039901400000012, 49.852113200000126 ], [ 24.039712, 49.852081900000016 ], [ 24.039571500000072, 49.852058700000036 ], [ 24.037365100000098, 49.851678400000011 ], [ 24.033958700000021, 49.851131300000077 ], [ 24.033252, 49.851022200000081 ], [ 24.0322198, 49.850872699999961 ], [ 24.030799500000107, 49.850657599999913 ], [ 24.030464899999906, 49.850618700000076 ], [ 24.030173199999975, 49.850603200000073 ], [ 24.029865400000055, 49.850591099999917 ], [ 24.029591, 49.85059040000003 ], [ 24.029300500000026, 49.850603500000076 ], [ 24.028932599999955, 49.850624 ], [ 24.02857, 49.85065140000011 ], [ 24.027733400000038, 49.85071530000009 ], [ 24.026891500000026, 49.850779300000042 ], [ 24.0266077, 49.850796500000044 ], [ 24.02462950000011, 49.85091270000008 ], [ 24.024192299999978, 49.850941799999966 ], [ 24.022022200000031, 49.851136699999969 ], [ 24.021730300000055, 49.851170400000107 ], [ 24.021427600000031, 49.851214599999985 ], [ 24.021127600000053, 49.851266400000036 ], [ 24.020822300000013, 49.851323499999957 ], [ 24.020189400000099, 49.851477 ], [ 24.01994460000008, 49.851541800000049 ], [ 24.019902699999982, 49.85128700000012 ], [ 24.019919599999973, 49.850822 ], [ 24.019958200000126, 49.850682700000036 ], [ 24.0199987, 49.850565699999933 ], [ 24.0200787, 49.85045070000006 ], [ 24.020212700000055, 49.85028980000002 ], [ 24.020350600000082, 49.850104 ], [ 24.020413500000124, 49.8500187 ], [ 24.020394800000016, 49.849925200000072 ], [ 24.020322600000092, 49.849537 ], [ 24.020226400000119, 49.848899 ], [ 24.0202168, 49.848804200000068 ], [ 24.0202615, 49.848488099999983 ], [ 24.0203664, 49.847640500000054 ], [ 24.02037480000012, 49.8475801 ], [ 24.020377099999955, 49.847495200000125 ], [ 24.020270800000041, 49.847129600000066 ], [ 24.020243500000102, 49.847069 ], [ 24.020190000000124, 49.846859800000111 ], [ 24.020159800000094, 49.846714000000112 ], [ 24.020160499999967, 49.846557299999958 ], [ 24.020234098024897, 49.845933473644209 ], [ 24.020238, 49.845900399999934 ], [ 24.02023830000001, 49.845771 ], [ 24.020218199999981, 49.845597600000112 ], [ 24.020173700000036, 49.845322100000075 ], [ 24.020148600000077, 49.845037199999965 ], [ 24.020168400000095, 49.844983899999981 ], [ 24.020468900000132, 49.84413 ], [ 24.020819599999975, 49.843124699999954 ], [ 24.020832199999965, 49.843087700000112 ], [ 24.020847600000021, 49.843042600000089 ], [ 24.02032860000002, 49.8429829 ], [ 24.018723599999927, 49.8428156 ], [ 24.018575200000093, 49.842794099999978 ], [ 24.0183015, 49.842756 ], [ 24.018166700000045, 49.84273730000006 ], [ 24.017922200000093, 49.8427449 ], [ 24.017655700000031, 49.842755699999984 ], [ 24.017503800000092, 49.842768800000037 ], [ 24.016805300000041, 49.842844 ], [ 24.016521600000026, 49.842882600000031 ], [ 24.0157916, 49.842970900000054 ], [ 24.015622100000027, 49.843001400000091 ], [ 24.01557520000005, 49.843006699999982 ], [ 24.015400100000129, 49.8430389 ], [ 24.014751600000121, 49.843195 ], [ 24.014172799999976, 49.843343200000092 ], [ 24.013190200000047, 49.843690400000057 ], [ 24.011479800000128, 49.844294699999963 ], [ 24.011316799999967, 49.844352299999954 ], [ 24.011164100000084, 49.8444059 ], [ 24.011030100000024, 49.844452900000064 ], [ 24.007166100000056, 49.8458041 ], [ 24.007078900000117, 49.845838399999984 ], [ 24.00656060000005, 49.846042399999973 ], [ 24.006494300000096, 49.8460685 ], [ 24.005890600000036, 49.846301799999921 ], [ 24.005306, 49.846556200000052 ], [ 24.0047907, 49.846751300000037 ], [ 24.004597900000014, 49.846805300000014 ], [ 24.004164400000029, 49.84687250000011 ], [ 24.004071300000128, 49.846892099999913 ], [ 24.003565300000044, 49.846980799999969 ], [ 24.00314290000005, 49.847083199999922 ], [ 24.00290630000006, 49.84715 ], [ 24.002730400000068, 49.847211700000102 ], [ 24.002371299999989, 49.847322700000063 ], [ 24.000968100000073, 49.847858500000122 ], [ 24.000568700000084, 49.84796540000012 ], [ 24.000433900000125, 49.848013099999982 ], [ 23.999014600000059, 49.8483321000001 ], [ 23.998052300000033, 49.8486361 ], [ 23.997101500000092, 49.848914799999982 ], [ 23.9959951, 49.849282 ], [ 23.994619500000049, 49.8497587 ], [ 23.994428600000042, 49.849843600000085 ], [ 23.994158400000114, 49.849963700000096 ], [ 23.993902900000077, 49.850077400000075 ], [ 23.993309600000028, 49.850341200000052 ], [ 23.9930476, 49.850457700000106 ], [ 23.991904499999968, 49.850981400000066 ], [ 23.991725500000079, 49.851058400000042 ], [ 23.9916602, 49.851086500000051 ], [ 23.9908484, 49.851435599999988 ], [ 23.988573900000056, 49.852446900000011 ], [ 23.988202900000083, 49.852649600000049 ], [ 23.986935, 49.853387600000012 ], [ 23.9866194, 49.853431899999968 ], [ 23.985978800000105, 49.853591600000065 ], [ 23.9851185, 49.853930900000073 ], [ 23.984916000000105, 49.854010800000076 ], [ 23.983216200000122, 49.854720500000028 ], [ 23.9813707, 49.855491 ], [ 23.980694300000035, 49.855775900000125 ], [ 23.980288900000058, 49.855946600000038 ], [ 23.978193600000051, 49.856835700000019 ], [ 23.978077400000011, 49.856885 ], [ 23.978015500000076, 49.856910600000035 ], [ 23.972692900000023, 49.859112499999966 ], [ 23.972564500000082, 49.859165600000082 ], [ 23.971972600000122, 49.858587700000037 ], [ 23.971850000000124, 49.858468000000123 ], [ 23.971462099999989, 49.85839890000004 ], [ 23.957394600000093, 49.862769 ], [ 23.956793700000098, 49.864283 ], [ 23.955737699999922, 49.864414900000099 ], [ 23.952614100000112, 49.864292200000072 ], [ 23.950355200000097, 49.863720400000012 ], [ 23.943759700000097, 49.863703500000035 ], [ 23.943689899999974, 49.863470799999945 ], [ 23.94152240000005, 49.8636111 ], [ 23.93958630000008, 49.86293060000002 ], [ 23.938767, 49.862280800000107 ], [ 23.938345500000132, 49.861281700000056 ], [ 23.9378077, 49.859688700000042 ], [ 23.937397, 49.8584381000001 ], [ 23.934593100000139, 49.858676600000116 ], [ 23.928711400000047, 49.857889 ], [ 23.919720700000077, 49.85716 ], [ 23.919688500000056, 49.856344700000129 ], [ 23.914393, 49.855655400000082 ], [ 23.914348633515775, 49.858505397716854 ], [ 23.908655, 49.859028599999924 ], [ 23.9088413, 49.860917300000082 ], [ 23.909059, 49.863002899999955 ], [ 23.909989918275173, 49.863370456040478 ], [ 23.911751100000057, 49.864790300000074 ], [ 23.913198949762347, 49.866474273380526 ], [ 23.912715622274014, 49.867233788005073 ], [ 23.916495659705451, 49.867070486880877 ], [ 23.916110900000028, 49.8700273 ], [ 23.916668899999983, 49.873244700000086 ], [ 23.916069200000088, 49.874470300000034 ], [ 23.915770500000058, 49.8754121 ], [ 23.916673208578707, 49.879604122156621 ], [ 23.915480233587655, 49.87963974152931 ], [ 23.915781870701426, 49.880295094272583 ], [ 23.916349894272443, 49.881529212254662 ], [ 23.916351583432828, 49.881528287068249 ], [ 23.927365315830567, 49.880749058091276 ], [ 23.927364916873096, 49.881013360224173 ], [ 23.932857976568179, 49.880676874952137 ], [ 23.932568413612891, 49.878826588784129 ], [ 23.933561969463987, 49.878638378686666 ], [ 23.936892713988069, 49.878413707191598 ], [ 23.938099309025851, 49.877926535377235 ], [ 23.938099495716692, 49.877781546670505 ], [ 23.939333675260109, 49.877637214929777 ], [ 23.939333858252944, 49.877492226212595 ], [ 23.940044306735949, 49.877516763295191 ], [ 23.94154028718884, 49.877324214544217 ], [ 23.942101189443118, 49.877324498149491 ], [ 23.942550026826716, 49.877228063924619 ], [ 23.94299891976237, 49.877083298380562 ], [ 23.944192726007653, 49.879476198816903 ], [ 23.943594091539122, 49.879741719566127 ], [ 23.944115883354353, 49.881240191198799 ], [ 23.949460734333393, 49.883949120046267 ], [ 23.953089037470129, 49.883298209740857 ], [ 23.955053117752524, 49.882574051920741 ], [ 23.956325339068197, 49.881801269981146 ], [ 23.956998527542559, 49.881753194619357 ], [ 23.967022986505405, 49.878735918886079 ], [ 23.966983426597295, 49.878200308709843 ], [ 23.975331224831045, 49.878521337824921 ], [ 23.975697078248057, 49.878310002203357 ], [ 23.976121442593179, 49.877701127349546 ], [ 23.9766399931816, 49.877168391947052 ], [ 23.97734700700061, 49.876605243197545 ], [ 23.977747599189904, 49.876376959409399 ], [ 23.978548730928473, 49.876011735887388 ], [ 23.979114198068253, 49.875829151401426 ], [ 23.979938790862825, 49.875646612468969 ], [ 23.981941317574176, 49.875296793879947 ], [ 23.983001452530225, 49.875144716996253 ], [ 23.983401957755966, 49.875053432697932 ], [ 23.983662103502692, 49.874881698331237 ], [ 23.983975737664188, 49.874749033136013 ], [ 23.984405791696243, 49.874334236614786 ], [ 23.984423528892812, 49.87412490650739 ], [ 23.984352880230059, 49.874056389359893 ], [ 23.983663966303133, 49.873706136104133 ], [ 23.982837384989516, 49.87284585100177 ], [ 23.982484185134687, 49.872465194656385 ], [ 23.982107402460308, 49.872160653044027 ], [ 23.981495121978348, 49.871734279313777 ], [ 23.98095345765466, 49.871444931197615 ], [ 23.980435380662861, 49.871094689388187 ], [ 23.980294141671148, 49.870866301803446 ], [ 23.980459325863869, 49.870150796655018 ], [ 23.978857612351128, 49.870120060759227 ], [ 23.978598539547754, 49.870043892640112 ], [ 23.977656676356212, 49.869343401843182 ], [ 23.97768120432664, 49.867272924222718 ], [ 23.977842719774983, 49.867287253722104 ], [ 23.978034610091349, 49.867059856363355 ], [ 23.979751092770918, 49.866145168131524 ], [ 23.980642255051912, 49.865625800018549 ], [ 23.980555421437312, 49.865585822283322 ], [ 23.980425887857898, 49.865566769526424 ], [ 23.980367011716957, 49.865551534975943 ], [ 23.980331699641393, 49.865509662937988 ], [ 23.980293923723188, 49.865356663003681 ], [ 23.980237672455523, 49.865083370827222 ], [ 23.980167081138738, 49.864923504809028 ], [ 23.98007879544036, 49.864835950299593 ], [ 23.979878651452559, 49.864710316101643 ], [ 23.979572537230577, 49.864565632060341 ], [ 23.979378285606394, 49.864451416332081 ], [ 23.97932528598249, 49.864466631060615 ], [ 23.979189977160043, 49.864198280067441 ], [ 23.979157877113149, 49.863558860380621 ], [ 23.979456330342014, 49.863551853742933 ], [ 23.979478426324125, 49.863537592225605 ], [ 23.97952894010859, 49.863267766151573 ], [ 23.97946122180991, 49.863275366101199 ], [ 23.979485159026346, 49.862384758705218 ], [ 23.979591143754185, 49.8623771656302 ], [ 23.97966180947423, 49.862350535660525 ], [ 23.979708930228803, 49.862308678158563 ], [ 23.979738390623474, 49.862259205295395 ], [ 23.979773733923302, 49.862221150659188 ], [ 23.980468567686099, 49.862021455807735 ], [ 23.98070724872462, 49.861462009549868 ], [ 23.981537508385081, 49.861203336772121 ], [ 23.981528957370067, 49.860493509580628 ], [ 23.982035380651887, 49.860246199285534 ], [ 23.982465299353233, 49.859884693148487 ], [ 23.982927072931297, 49.859919763890368 ], [ 23.983283704410034, 49.859747799933515 ], [ 23.983668857012439, 49.85963842264993 ], [ 23.98457882204308, 49.859174567470021 ], [ 23.989449778917969, 49.862883855519264 ], [ 23.98942614150296, 49.862967577568277 ], [ 23.987015904400963, 49.863551698660331 ], [ 23.986654934273869, 49.863859825921033 ], [ 23.985314941892387, 49.864290244589036 ], [ 23.985335444103526, 49.864385404626603 ], [ 23.985373635969975, 49.864457738425116 ], [ 23.985432457042837, 49.864511051244925 ], [ 23.985503105188023, 49.864518696221346 ], [ 23.985531081858774, 49.864511096966908 ], [ 23.985587033066626, 49.864497801490678 ], [ 23.985750470407794, 49.864457912862804 ], [ 23.985838791099074, 49.86445795356952 ], [ 23.985915335528556, 49.864457988794172 ], [ 23.985985950206313, 49.864496082324287 ], [ 23.985997650984611, 49.864564595443923 ], [ 23.986044638497972, 49.864671185832265 ], [ 23.986091718066493, 49.864694044066596 ], [ 23.986209487682235, 49.864686485769028 ], [ 23.986281389487427, 49.86466940815739 ], [ 23.986491909926027, 49.86459045835975 ], [ 23.987634821651021, 49.864291300203547 ], [ 23.98768186941318, 49.864344606643343 ], [ 23.987752501281438, 49.864367474673919 ], [ 23.987778997397736, 49.864367486435427 ], [ 23.987811381634231, 49.864367500802423 ], [ 23.98782610454041, 49.864364651652672 ], [ 23.988177434559127, 49.864296633794012 ], [ 23.989826189729904, 49.863771564474291 ], [ 23.990061730268671, 49.863665015197327 ], [ 23.990132399752433, 49.863596514019257 ], [ 23.99015561170966, 49.86358446946025 ], [ 23.990320450813449, 49.863607375767572 ], [ 23.990449931653107, 49.863660715836247 ], [ 23.990626478497607, 49.863752134389017 ], [ 23.991215010088869, 49.864018802808225 ], [ 23.991756555595344, 49.864171267951313 ], [ 23.992180462193971, 49.864201889619544 ], [ 23.99241595339155, 49.86423243381109 ], [ 23.992498341094819, 49.864278138149764 ], [ 23.992533596376131, 49.864354274513936 ], [ 23.992639397796662, 49.864544618082505 ], [ 23.992850806353733, 49.86513083463683 ], [ 23.992897874808605, 49.865168914530202 ], [ 23.992968503497735, 49.86519939159286 ], [ 23.9930980490787, 49.865191830996849 ], [ 23.993333581729186, 49.865184312261604 ], [ 23.993510211411984, 49.865199606478846 ], [ 23.993698627567547, 49.865295281309201 ], [ 23.993886930539269, 49.865329159878158 ], [ 23.994063504146911, 49.865405348750883 ], [ 23.994192958104399, 49.865496745682869 ], [ 23.994310587451491, 49.865641421192151 ], [ 23.994427921808001, 49.866105803952827 ], [ 23.993499928947124, 49.866093523046899 ], [ 23.993284701488669, 49.866146794138771 ], [ 23.993211642402638, 49.866166224178251 ], [ 23.992519952613641, 49.86628930032704 ], [ 23.991459592916407, 49.866768430011767 ], [ 23.990885278158594, 49.867518352642712 ], [ 23.989737629277673, 49.869287310073048 ], [ 23.989288429485473, 49.870900881472316 ], [ 23.989017361297162, 49.871075842963826 ], [ 23.989240666046086, 49.871532665277314 ], [ 23.989357489550738, 49.872461389332514 ], [ 23.991101023101667, 49.872073910303889 ], [ 23.992691132621736, 49.871983212999595 ], [ 23.992639358736646, 49.871613772683297 ], [ 23.992768958545749, 49.871347359550711 ], [ 23.994517226550755, 49.871420637130633 ], [ 23.99460628901647, 49.871271344892122 ], [ 23.996566661026847, 49.871307228470698 ], [ 23.998286282329747, 49.871224116409607 ], [ 23.999864838703846, 49.87080599831674 ], [ 24.000170984643326, 49.870897446147396 ], [ 24.000300439480149, 49.871019282803417 ], [ 23.999970493428059, 49.871232311143835 ], [ 24.000417784962597, 49.871559780030729 ], [ 24.001089054328624, 49.871643737065206 ], [ 24.001112535062816, 49.871735089064451 ], [ 24.000817982335715, 49.871872009363479 ], [ 24.00106518038077, 49.872047169532465 ], [ 24.001536419000256, 49.871887469568492 ], [ 24.001830497042508, 49.872367127159315 ], [ 24.001842051918398, 49.872656390283232 ], [ 24.002265684759898, 49.873151310623534 ], [ 24.002112534230601, 49.873196934920287 ], [ 24.002654094246122, 49.873509202993255 ], [ 24.00213231608199, 49.873524650686186 ], [ 24.00139027652704, 49.873067935240435 ], [ 24.00139027652704, 49.873067935240435 ], [ 24.000459806445626, 49.872420913001449 ], [ 24.000294912309922, 49.872398076377273 ], [ 24.000221442276288, 49.872419958656835 ], [ 23.99815519221487, 49.873035746413713 ], [ 23.998260446954848, 49.873918786114196 ], [ 23.999756558689473, 49.873607209175617 ], [ 24.00040350486929, 49.874680732854394 ], [ 23.999755528677088, 49.874870814714704 ], [ 23.999531341799567, 49.875350300283053 ], [ 23.999424837261856, 49.875951618852717 ], [ 23.999306899446914, 49.876134266720975 ], [ 23.998788485821581, 49.876301553265726 ], [ 24.000825577103505, 49.877147186862345 ], [ 24.002038800573665, 49.877185643359617 ], [ 24.007737823463241, 49.880414852182639 ], [ 24.008114554810508, 49.880772722629047 ], [ 24.008432493259143, 49.880963107968924 ], [ 24.0105877010621, 49.881892334772211 ], [ 24.010763722142698, 49.88305702588454 ], [ 24.011081639021285, 49.883331137974309 ], [ 24.011047480607932, 49.884153083881827 ], [ 24.011216490767929, 49.88441364465691 ], [ 24.011401446690797, 49.884461460893164 ], [ 24.012214164316784, 49.884824933011657 ], [ 24.013857451426098, 49.885145011761168 ], [ 24.014440404971797, 49.885556187220843 ], [ 24.015129430325384, 49.885910294802464 ], [ 24.015977579382938, 49.886127410925901 ], [ 24.01684334148338, 49.886492961873515 ], [ 24.017002316633015, 49.886652843977657 ], [ 24.016863746592421, 49.886949688191159 ], [ 24.016179975033694, 49.887879180312595 ], [ 24.016450934946629, 49.887922049104496 ], [ 24.016916252077277, 49.888061059751614 ], [ 24.017670209002585, 49.888240088716628 ], [ 24.018719404357856, 49.88822057526334 ], [ 24.021047265870617, 49.888030384161709 ], [ 24.02044742923399, 49.889157826766642 ], [ 24.019810836189997, 49.890055941836941 ], [ 24.019562890647183, 49.89132711667046 ], [ 24.019880269489587, 49.893207347463978 ], [ 24.019672633094959, 49.896331252752589 ], [ 24.02004733256965, 49.89633131534336 ], [ 24.020476125684709, 49.896469897455589 ], [ 24.022884651858991, 49.896333149111783 ], [ 24.022789355030504, 49.897139427627614 ], [ 24.028362116461377, 49.896040534482196 ], [ 24.028723790088996, 49.895972583679445 ], [ 24.029625508201487, 49.895786540957353 ], [ 24.029740586173908, 49.895763525362867 ], [ 24.031221194300389, 49.895471007566599 ], [ 24.032853292769055, 49.894327759001492 ], [ 24.035357019097749, 49.89258609298173 ], [ 24.037050531750268, 49.89284203827112 ], [ 24.037727330060481, 49.892944324307308 ], [ 24.038361022289106, 49.892956444821252 ], [ 24.038843253792596, 49.892938909130223 ], [ 24.039230254169841, 49.892936676734934 ], [ 24.0392305, 49.892936833196963 ], [ 24.039548641196081, 49.892910190138544 ], [ 24.039710174518177, 49.892856710578478 ], [ 24.039775463295403, 49.892837873605544 ], [ 24.040541349618, 49.892540996924019 ], [ 24.041489862460924, 49.892284077886657 ], [ 24.042067214308229, 49.892147045984437 ], [ 24.042836028354539, 49.891945306277997 ], [ 24.044609287765581, 49.891513252993022 ], [ 24.045825803981053, 49.891191577781612 ], [ 24.047246137740874, 49.890825858360344 ], [ 24.04847380751151, 49.890492990353366 ], [ 24.049319148752513, 49.890264558844621 ], [ 24.049763902377212, 49.890123698331976 ], [ 24.050918484631165, 49.889767720405011 ], [ 24.051068695885778, 49.88971823037442 ], [ 24.052064213653274, 49.889413641570172 ], [ 24.053887312759748, 49.888787330013372 ], [ 24.055353942590866, 49.888096340662997 ], [ 24.05566319023778, 49.888022080649463 ], [ 24.05589288471705, 49.887873614666198 ], [ 24.05604600980913, 49.887767021978547 ], [ 24.056269801574775, 49.887591913451047 ], [ 24.056660099999984, 49.8872933 ], [ 24.056957354538653, 49.887032323547928 ], [ 24.057123716702655, 49.88688766646834 ], [ 24.057204766278261, 49.886808541142045 ], [ 24.057265042926165, 49.886750629618852 ], [ 24.057435821322816, 49.886605971397408 ], [ 24.057528564179183, 49.886510804472088 ], [ 24.057649279300939, 49.886392800861969 ], [ 24.057874508153525, 49.886156791473489 ], [ 24.057993750333388, 49.886042589437722 ], [ 24.058236638895547, 49.885787546004416 ], [ 24.058533983664503, 49.885452565028388 ], [ 24.058875000448069, 49.885069259117103 ], [ 24.059161976924759, 49.88471305354544 ], [ 24.059267992281807, 49.884582016246497 ], [ 24.059425922802237, 49.884286815416971 ], [ 24.060862154591742, 49.881604999820802 ], [ 24.062276020390478, 49.88047403072536 ], [ 24.063418399999986, 49.880605000000102 ], [ 24.064380871666575, 49.880690435927363 ], [ 24.065676778736986, 49.880880450247069 ], [ 24.064397282419829, 49.878816682879034 ], [ 24.064595679470074, 49.878395089147268 ] ] ] ] } },
{ "type": "Feature", "properties": { "fid": 13, "MOID": "2105208105162769973", "ID": "5", "NAME": "Личаківський район", "EDITOR_DAT": null, "KOATUU": "4610137200" }, "geometry": { "type": "MultiPolygon", "coordinates": [ [ [ [ 24.079169400000119, 49.8095197 ], [ 24.07928, 49.809667 ], [ 24.079385900000084, 49.809826299999983 ], [ 24.079471800000075, 49.80998610000006 ], [ 24.079529800000095, 49.810146000000131 ], [ 24.079567700000034, 49.810263600000084 ], [ 24.079594, 49.810379700000105 ], [ 24.079606300000016, 49.810507900000047 ], [ 24.079603200000115, 49.810640300000038 ], [ 24.079574500000028, 49.810774100000046 ], [ 24.079537099999978, 49.81090650000003 ], [ 24.0794904, 49.811042 ], [ 24.079468399999989, 49.81110680000004 ], [ 24.079388699999917, 49.8113422 ], [ 24.0792778, 49.81164550000004 ], [ 24.079071000000106, 49.812198099999932 ], [ 24.078806800000102, 49.812875500000011 ], [ 24.07862150000005, 49.813336100000114 ], [ 24.078503800000071, 49.813636 ], [ 24.078367000000121, 49.813984499999933 ], [ 24.078184500000127, 49.813969400000119 ], [ 24.078002000000133, 49.813974900000048 ], [ 24.077965899999974, 49.813977200000053 ], [ 24.077818700000076, 49.813988500000093 ], [ 24.0777643, 49.813994600000107 ], [ 24.077571400000064, 49.814016100000117 ], [ 24.077379300000125, 49.814041300000021 ], [ 24.077180100000014, 49.81407230000012 ], [ 24.076971300000132, 49.814108799999921 ], [ 24.076764500000074, 49.814149900000118 ], [ 24.076489500000033, 49.8142166 ], [ 24.076214800000056, 49.8142897 ], [ 24.076097100000077, 49.814321300000117 ], [ 24.075434100000102, 49.814491599999982 ], [ 24.074822400000123, 49.81465160000009 ], [ 24.074623299999978, 49.814703800000117 ], [ 24.074090099999914, 49.814846900000063 ], [ 24.073380500000034, 49.815038200000103 ], [ 24.07229430000006, 49.815326299999974 ], [ 24.070584199999924, 49.815766199999914 ], [ 24.070166900000057, 49.815872 ], [ 24.069898600000041, 49.815935600000074 ], [ 24.069785500000133, 49.815959699999944 ], [ 24.0696315, 49.815988900000086 ], [ 24.069473900000098, 49.81601710000011 ], [ 24.069278700000091, 49.816049300000074 ], [ 24.069096100000074, 49.816075 ], [ 24.068687900000096, 49.816132500000023 ], [ 24.068604100000066, 49.816143100000019 ], [ 24.068283099999967, 49.816180899999935 ], [ 24.0681887, 49.816189499999943 ], [ 24.068041800000056, 49.816197500000094 ], [ 24.067886500000039, 49.816197200000069 ], [ 24.067580899999932, 49.8161835 ], [ 24.066590799999911, 49.816115900000099 ], [ 24.066013000000108, 49.816078099999963 ], [ 24.065838, 49.816068100000038 ], [ 24.065407, 49.816043299999919 ], [ 24.064837300000129, 49.816018800000037 ], [ 24.064463300000106, 49.816002200000113 ], [ 24.063656100000109, 49.815976300000095 ], [ 24.0630422, 49.8159648 ], [ 24.062861300000062, 49.815965899999917 ], [ 24.061996400000105, 49.815967800000109 ], [ 24.061817300000023, 49.816066 ], [ 24.061719600000114, 49.816210400000102 ], [ 24.061717499999922, 49.816231800000068 ], [ 24.061701400000054, 49.816380400000114 ], [ 24.061692199999975, 49.8164411 ], [ 24.061647199999978, 49.8165161 ], [ 24.0615143, 49.816644899999957 ], [ 24.06132840000009, 49.816782499999967 ], [ 24.06112220000005, 49.816897500000088 ], [ 24.060912599999931, 49.817008 ], [ 24.060538800000128, 49.817202500000107 ], [ 24.059643400000081, 49.817689600000101 ], [ 24.059158699999948, 49.817963399999989 ], [ 24.059097300000012, 49.817996 ], [ 24.058713700000109, 49.818222900000016 ], [ 24.058587, 49.8182979 ], [ 24.057902200000107, 49.818672500000027 ], [ 24.057811, 49.818732500000067 ], [ 24.057727, 49.818792099999982 ], [ 24.057691700000071, 49.818822 ], [ 24.057648, 49.818858 ], [ 24.057593300000114, 49.818904500000073 ], [ 24.057508500000036, 49.8189894 ], [ 24.0574138, 49.819085100000102 ], [ 24.0572935, 49.819211400000079 ], [ 24.057154700000062, 49.8193632 ], [ 24.0569006, 49.819634600000072 ], [ 24.056642200000105, 49.819908700000028 ], [ 24.056241199999981, 49.820346800000024 ], [ 24.056106800000062, 49.820491899999965 ], [ 24.055973, 49.820637 ], [ 24.0558636, 49.8207608 ], [ 24.055851, 49.820775399999988 ], [ 24.055756099999989, 49.820886899999934 ], [ 24.055678600000128, 49.820972600000111 ], [ 24.055606400000038, 49.821057200000027 ], [ 24.055259600000106, 49.8214411 ], [ 24.054879200000066, 49.8218454 ], [ 24.054514400000123, 49.822226600000121 ], [ 24.054415400000092, 49.822326800000091 ], [ 24.05430560000007, 49.822423600000086 ], [ 24.054079100000134, 49.822595300000089 ], [ 24.053831100000075, 49.822756599999927 ], [ 24.05355720000011, 49.822919400000089 ], [ 24.053268800000062, 49.8230752 ], [ 24.0527848, 49.823317800000034 ], [ 24.052693800000092, 49.823356 ], [ 24.052074600000019, 49.823616199999989 ], [ 24.051691899999973, 49.8237769 ], [ 24.0514602, 49.82387420000002 ], [ 24.050968099999974, 49.824080300000034 ], [ 24.05047310000003, 49.824274000000109 ], [ 24.049766700000017, 49.824642299999987 ], [ 24.049593600000087, 49.8247475 ], [ 24.049370899999978, 49.824888100000116 ], [ 24.049121200000108, 49.825008700000126 ], [ 24.048922900000029, 49.825085500000107 ], [ 24.048668, 49.8251622 ], [ 24.045649800000085, 49.8258252 ], [ 24.045338100000091, 49.825890500000057 ], [ 24.045075199999978, 49.825945499999975 ], [ 24.044918600000013, 49.825978300000081 ], [ 24.0444589, 49.8260745 ], [ 24.044020500000094, 49.826176100000104 ], [ 24.043846300000091, 49.826226199999944 ], [ 24.043687799999923, 49.826288100000106 ], [ 24.043578699999951, 49.826362400000043 ], [ 24.043483600000112, 49.826457800000121 ], [ 24.043438600000112, 49.826546399999962 ], [ 24.043225800000066, 49.826591600000015 ], [ 24.042946800000088, 49.826699900000094 ], [ 24.0420976, 49.827097300000091 ], [ 24.042002400000108, 49.827144300000086 ], [ 24.041879200000032, 49.827206300000036 ], [ 24.041835, 49.827228500000089 ], [ 24.040853517178963, 49.82771028740202 ], [ 24.040698298073924, 49.82778501290705 ], [ 24.037848034062936, 49.828879454329503 ], [ 24.037790366233637, 49.828932209161081 ], [ 24.037431, 49.829075 ], [ 24.037306, 49.829090199999982 ], [ 24.036968536699693, 49.82897657370583 ], [ 24.036816364259654, 49.828951567938297 ], [ 24.036694651027581, 49.828972853584794 ], [ 24.036608, 49.829019899999977 ], [ 24.036583340566807, 49.829081906842021 ], [ 24.036587242537522, 49.829154275493373 ], [ 24.036858662444963, 49.829518932396148 ], [ 24.036947400000024, 49.829572 ], [ 24.037014500000048, 49.829581899999987 ], [ 24.0370564, 49.829586399999968 ], [ 24.0371333000001, 49.82958080000008 ], [ 24.038054436429722, 49.829537577449152 ], [ 24.038176500000127, 49.829554099999982 ], [ 24.038239700000013, 49.829581 ], [ 24.038297900000028, 49.829613300000055 ], [ 24.038458115563735, 49.829738063344962 ], [ 24.036708333308397, 49.830162765945026 ], [ 24.036354024918666, 49.830246640126667 ], [ 24.034466381232704, 49.830660319097021 ], [ 24.03425579824842, 49.830751594604195 ], [ 24.034845784873429, 49.831601601076812 ], [ 24.0349033, 49.8319007 ], [ 24.034826700000046, 49.831940300000035 ], [ 24.034788500000097, 49.832052700000126 ], [ 24.0347334, 49.832095200000069 ], [ 24.03466630000008, 49.83214700000012 ], [ 24.034440600000092, 49.83227550000008 ], [ 24.03440850000009, 49.832339700000084 ], [ 24.034498971844556, 49.832594714753036 ], [ 24.033827594774685, 49.832714184200753 ], [ 24.0339738, 49.833290900000058 ], [ 24.034118, 49.833730600000024 ], [ 24.034137500000035, 49.833804699999966 ], [ 24.03418970000012, 49.833981700000024 ], [ 24.034241, 49.834156500000113 ], [ 24.034264300000071, 49.834253799999985 ], [ 24.0343022, 49.834365700000021 ], [ 24.034338499999983, 49.834472600000126 ], [ 24.034381000000103, 49.834551200000071 ], [ 24.034520300000107, 49.834684 ], [ 24.034608300000109, 49.834750900000067 ], [ 24.034828900000033, 49.834869299999909 ], [ 24.034939899999976, 49.835012300000066 ], [ 24.034943600000126, 49.835452900000057 ], [ 24.034943699999978, 49.83548080000007 ], [ 24.034945900000132, 49.8358746 ], [ 24.034947, 49.836096600000062 ], [ 24.034944, 49.836199800000081 ], [ 24.0348884, 49.836505699999961 ], [ 24.034897500000049, 49.8370082 ], [ 24.034948700000022, 49.837318700000068 ], [ 24.034974800000036, 49.8374102 ], [ 24.0350045, 49.837566400000014 ], [ 24.035016400000124, 49.837646199999988 ], [ 24.035068299999974, 49.837838600000097 ], [ 24.035165099999965, 49.838170700000077 ], [ 24.035304499999988, 49.8386486 ], [ 24.035345199999988, 49.838813100000081 ], [ 24.035419552800299, 49.838971329049677 ], [ 24.03543030000008, 49.8389942 ], [ 24.035776500000107, 49.839451399999966 ], [ 24.0360091, 49.839781699999939 ], [ 24.036699800000118, 49.839797200000014 ], [ 24.037251, 49.839809600000123 ], [ 24.038072900000081, 49.839828100000084 ], [ 24.038304200000024, 49.839833299999938 ], [ 24.039141600000043, 49.839852100000066 ], [ 24.039072099999935, 49.840388300000079 ], [ 24.039104499999944, 49.84051520000007 ], [ 24.0392165, 49.840636099999969 ], [ 24.039662899999989, 49.840919100000114 ], [ 24.039711899999979, 49.840983200000082 ], [ 24.039787900000015, 49.841082599999922 ], [ 24.039814400000065, 49.841123499999966 ], [ 24.040722200000054, 49.842526300000017 ], [ 24.040905799999958, 49.842773600000037 ], [ 24.041014799999907, 49.842920400000132 ], [ 24.041055600000099, 49.842975400000057 ], [ 24.0404833, 49.84307530000001 ], [ 24.039928100000104, 49.843172200000019 ], [ 24.039390299999972, 49.843262299999985 ], [ 24.039333899999967, 49.843314100000036 ], [ 24.038660600000011, 49.843931900000136 ], [ 24.03867660000008, 49.8446988 ], [ 24.038679699999985, 49.844813200000083 ], [ 24.038778, 49.844812099999942 ], [ 24.038890299999988, 49.844817200000023 ], [ 24.039065200000088, 49.844848200000108 ], [ 24.040219, 49.845279400000081 ], [ 24.04036850000011, 49.845360400000054 ], [ 24.040447400000058, 49.845438899999962 ], [ 24.0407943, 49.845847 ], [ 24.041238299999968, 49.8465256 ], [ 24.042117, 49.846312 ], [ 24.04431820000007, 49.845839300000065 ], [ 24.044562199999969, 49.845831300000093 ], [ 24.0453349, 49.845875600000056 ], [ 24.046826500000115, 49.846057299999963 ], [ 24.047011699999977, 49.845962600000121 ], [ 24.047213900000024, 49.845879299999964 ], [ 24.047337400000114, 49.845748900000032 ], [ 24.0475958, 49.845589599999975 ], [ 24.047754399999967, 49.845595600000124 ], [ 24.048479, 49.845788500000126 ], [ 24.04877510000005, 49.845910100000069 ], [ 24.048818900000121, 49.845928099999917 ], [ 24.049230100000042, 49.846233100000106 ], [ 24.049817899999987, 49.846924899999962 ], [ 24.049907800000135, 49.847138400000055 ], [ 24.049974000000127, 49.847916199999915 ], [ 24.050026, 49.848102200000078 ], [ 24.047862900000091, 49.848122499999974 ], [ 24.047245100000104, 49.848315899999967 ], [ 24.045409899999974, 49.848424200000053 ], [ 24.045130799999974, 49.84861290000002 ], [ 24.045073099999961, 49.848655700000045 ], [ 24.045022600000088, 49.848678100000072 ], [ 24.044914100000138, 49.848686400000069 ], [ 24.044659700000061, 49.848679600000082 ], [ 24.043199500000064, 49.848531500000014 ], [ 24.042844199999927, 49.8485246 ], [ 24.042686, 49.848532 ], [ 24.042546399999985, 49.848549600000119 ], [ 24.0424178, 49.848585600000092 ], [ 24.042291600000052, 49.848635200000082 ], [ 24.042215299999949, 49.848716200000055 ], [ 24.042187000000119, 49.84877880000009 ], [ 24.042200499999971, 49.848981100000103 ], [ 24.042252700000056, 49.849257 ], [ 24.042343899999928, 49.849478400000059 ], [ 24.042482, 49.849677299999989 ], [ 24.042700599999982, 49.849901200000012 ], [ 24.043722100000132, 49.850707 ], [ 24.043762400000098, 49.850764500000075 ], [ 24.043776700000016, 49.850844799999933 ], [ 24.0437589, 49.850927800000058 ], [ 24.0437162, 49.850984700000012 ], [ 24.043625799999969, 49.851056100000044 ], [ 24.042495500000079, 49.851656699999964 ], [ 24.042271199999956, 49.851819499999969 ], [ 24.041844200000011, 49.852326699999978 ], [ 24.041773199999962, 49.852448299999928 ], [ 24.041123400000053, 49.853711099999984 ], [ 24.041238799999967, 49.8537243 ], [ 24.0416613, 49.853769199999974 ], [ 24.0435036, 49.853964800000021 ], [ 24.043688199999956, 49.854012 ], [ 24.043803, 49.854076900000031 ], [ 24.0440704, 49.854255600000094 ], [ 24.044870899999971, 49.8551648 ], [ 24.045071199999988, 49.855396299999981 ], [ 24.045202500000013, 49.855547900000083 ], [ 24.0457037000001, 49.856132200000083 ], [ 24.046524200000132, 49.857128 ], [ 24.046560899999967, 49.857172600000055 ], [ 24.047064600000105, 49.857776400000084 ], [ 24.047474799999911, 49.858261400000039 ], [ 24.047612500000124, 49.858424100000022 ], [ 24.048148900000108, 49.859058300000122 ], [ 24.049644100000016, 49.8608201 ], [ 24.049775300000015, 49.860974700000028 ], [ 24.049837800000027, 49.861047800000037 ], [ 24.050145700000137, 49.861407599999929 ], [ 24.050196100000043, 49.861467300000115 ], [ 24.050362300000128, 49.861661600000033 ], [ 24.0505369, 49.861866400000096 ], [ 24.050637699999978, 49.861988200000035 ], [ 24.050785, 49.862158500000128 ], [ 24.050836899999918, 49.86221850000009 ], [ 24.0510054, 49.8624151 ], [ 24.051031100000042, 49.8624451 ], [ 24.051089, 49.862512700000075 ], [ 24.0520616, 49.8636412 ], [ 24.052144500000104, 49.863737399999984 ], [ 24.052549500000048, 49.864184100000031 ], [ 24.0526639, 49.864312700000013 ], [ 24.052897900000112, 49.864621399999962 ], [ 24.0533789, 49.865270400000021 ], [ 24.053569700000075, 49.865523399999965 ], [ 24.053591200000078, 49.865547500000034 ], [ 24.053788500000103, 49.865759599999969 ], [ 24.054022800000094, 49.86604190000007 ], [ 24.054086500000036, 49.866118700000015 ], [ 24.0547919, 49.866962700000045 ], [ 24.055267600000086, 49.867541599999967 ], [ 24.055521799999944, 49.867847900000115 ], [ 24.055962900000051, 49.868364900000053 ], [ 24.056049899999941, 49.868476900000118 ], [ 24.056311300000111, 49.868772800000094 ], [ 24.056601799999946, 49.8691132 ], [ 24.056768, 49.869308 ], [ 24.05692440000001, 49.869489800000046 ], [ 24.057033, 49.869616 ], [ 24.057226399999983, 49.869835900000098 ], [ 24.057916700000074, 49.870673100000076 ], [ 24.058081300000023, 49.8708649 ], [ 24.058159500000098, 49.870955900000062 ], [ 24.058301100000048, 49.871121 ], [ 24.0593652, 49.872360700000101 ], [ 24.059842100000019, 49.872904699999978 ], [ 24.059969900000109, 49.873052399999935 ], [ 24.060366, 49.873512800000057 ], [ 24.060667200000061, 49.8738234 ], [ 24.060837900000021, 49.873979300000073 ], [ 24.060952800000102, 49.874078600000125 ], [ 24.061069299999978, 49.874195300000039 ], [ 24.061212100000027, 49.874390700000028 ], [ 24.061321, 49.874526100000011 ], [ 24.062252900000026, 49.875639299999975 ], [ 24.0626563, 49.876071299999964 ], [ 24.063281299012214, 49.877072442145653 ], [ 24.063727692375259, 49.877436170071093 ], [ 24.064331150069748, 49.878130559746943 ], [ 24.064595679470074, 49.878395089147268 ], [ 24.065852542738263, 49.878317887485395 ], [ 24.063848600000082, 49.876575900000027 ], [ 24.065276800000099, 49.875001300000108 ], [ 24.065532794961801, 49.873760808389051 ], [ 24.07286342233952, 49.874910613754516 ], [ 24.07710423195017, 49.874034613262317 ], [ 24.07710423195017, 49.874034613262317 ], [ 24.075161700000134, 49.870618299999975 ], [ 24.076683200000097, 49.870055799999982 ], [ 24.075515900000134, 49.86861750000002 ], [ 24.074883900000081, 49.867869200000079 ], [ 24.075378499999935, 49.867551600000105 ], [ 24.077299799999931, 49.86844150000001 ], [ 24.078961100000065, 49.869092400000042 ], [ 24.082277500000028, 49.8694335 ], [ 24.08876, 49.869316799999957 ], [ 24.090038800000052, 49.863543400000133 ], [ 24.085508600000022, 49.862731 ], [ 24.084002399999971, 49.862566100000087 ], [ 24.083529300000063, 49.860817700000041 ], [ 24.082555200000108, 49.859353800000058 ], [ 24.086977475865297, 49.856976990923727 ], [ 24.091166731406368, 49.854669447769233 ], [ 24.09113054900202, 49.853862580292144 ], [ 24.091942642471484, 49.85360720802764 ], [ 24.093190295800916, 49.853309761430893 ], [ 24.093437341181716, 49.853134567618966 ], [ 24.093619568770006, 49.852904216124678 ], [ 24.093898431612523, 49.85251246433134 ], [ 24.095923740908788, 49.851867830962703 ], [ 24.099548175018008, 49.85157867809172 ], [ 24.100081397494595, 49.850801963411648 ], [ 24.100042673217871, 49.850430893209506 ], [ 24.100011393105916, 49.850132133928234 ], [ 24.099244168438752, 49.848511152417309 ], [ 24.099284681246385, 49.848178444992854 ], [ 24.097465301354859, 49.847460027843852 ], [ 24.096930200000024, 49.847302200000094 ], [ 24.096059969020427, 49.846159052405625 ], [ 24.096471734216355, 49.845951419564614 ], [ 24.098004209833654, 49.845313137310519 ], [ 24.09891308343402, 49.844933969699618 ], [ 24.099448, 49.844742100000069 ], [ 24.100469299999979, 49.844807200000098 ], [ 24.100431600000029, 49.84505810000006 ], [ 24.102853700000075, 49.845085200000014 ], [ 24.102849100000068, 49.844715699999981 ], [ 24.104421300000119, 49.8447735 ], [ 24.104462712374083, 49.842334905841106 ], [ 24.104108567655661, 49.842347572469428 ], [ 24.09797340430589, 49.841509987123587 ], [ 24.096238000427924, 49.841211049362236 ], [ 24.09614361225632, 49.840305255215576 ], [ 24.096389750725375, 49.839425933030746 ], [ 24.096725421467116, 49.838702275641602 ], [ 24.0979756355575, 49.838362311020362 ], [ 24.098188366953078, 49.837620956146452 ], [ 24.098610845514941, 49.837380113321103 ], [ 24.097312707947872, 49.836937560551391 ], [ 24.096031189949652, 49.836727712031099 ], [ 24.094305085348893, 49.83676719974271 ], [ 24.094328840332103, 49.837173949429022 ], [ 24.095144390427908, 49.83742966766507 ], [ 24.095168830584765, 49.838423960316845 ], [ 24.095079689246912, 49.838521247143703 ], [ 24.093775367526742, 49.838582565247393 ], [ 24.093612631016978, 49.838748412919003 ], [ 24.092099085423392, 49.839035857517779 ], [ 24.089210160221221, 49.838766932767768 ], [ 24.08900106763371, 49.839068395876424 ], [ 24.088209923856535, 49.839536017459679 ], [ 24.087021283130632, 49.839175347481884 ], [ 24.085786443935085, 49.839025611546944 ], [ 24.08536620607924, 49.838483574412102 ], [ 24.085598426936876, 49.838076644717198 ], [ 24.085224917241355, 49.837609898462219 ], [ 24.085349619405573, 49.837418913138357 ], [ 24.086420750804123, 49.837056916749326 ], [ 24.086676840483559, 49.836921225225218 ], [ 24.088073836345803, 49.836348166577892 ], [ 24.088376747018906, 49.83645349510639 ], [ 24.090309386306338, 49.83583498545967 ], [ 24.090588719023881, 49.835669144569238 ], [ 24.090729246490802, 49.835195315585835 ], [ 24.091356214264206, 49.834599170942482 ], [ 24.09210104136627, 49.834131811548886 ], [ 24.092426614540269, 49.833642268506296 ], [ 24.092949545588109, 49.83305431058448 ], [ 24.092785964254908, 49.832768202675865 ], [ 24.093064935603703, 49.832496806939787 ], [ 24.09641719722967, 49.830378519380737 ], [ 24.096975971370465, 49.830227589973987 ], [ 24.101013790517278, 49.82792052605808 ], [ 24.102339846056466, 49.826850179151499 ], [ 24.103316808942509, 49.825990923911412 ], [ 24.10532960737806, 49.824829769177327 ], [ 24.10643913810042, 49.824289886849428 ], [ 24.109123184297456, 49.823290887697809 ], [ 24.10979826846695, 49.823139826082134 ], [ 24.112288717220263, 49.822354889615845 ], [ 24.113463662457058, 49.821706336851562 ], [ 24.115473655286561, 49.819068711819497 ], [ 24.114867485167274, 49.818737877101114 ], [ 24.113261238224361, 49.818890103766854 ], [ 24.113538680997632, 49.818046181367372 ], [ 24.110601584802222, 49.816572618622494 ], [ 24.110982072164582, 49.816162766964624 ], [ 24.110809075882738, 49.815668508000378 ], [ 24.110124097959613, 49.815049577927816 ], [ 24.108269269716285, 49.814766985168703 ], [ 24.106732122052897, 49.814527361360987 ], [ 24.106491443141326, 49.81461484982848 ], [ 24.106036823870035, 49.821437133438792 ], [ 24.105746491127942, 49.821669172954657 ], [ 24.10523408150231, 49.821609376508995 ], [ 24.105048090604605, 49.821745131356174 ], [ 24.10474560623015, 49.821850860374965 ], [ 24.104303020132924, 49.821775931758722 ], [ 24.104103188800657, 49.821952997933685 ], [ 24.104406105037931, 49.822103480607758 ], [ 24.103720136518525, 49.822826996759602 ], [ 24.103999891531277, 49.823067884906315 ], [ 24.103945437511634, 49.823343032749214 ], [ 24.101410968721773, 49.825138026775214 ], [ 24.100272008929714, 49.826163446525172 ], [ 24.098400247707609, 49.82759623660678 ], [ 24.096586150447301, 49.828802970476758 ], [ 24.093073243333087, 49.830749239559729 ], [ 24.092421614636514, 49.831005866510381 ], [ 24.092048918975873, 49.83097603127225 ], [ 24.090664206264414, 49.831534528919342 ], [ 24.090477605193648, 49.831384022210898 ], [ 24.089874135501844, 49.831677173087016 ], [ 24.089686185128521, 49.831625677063123 ], [ 24.088707803900085, 49.831520969906009 ], [ 24.088707639406202, 49.831430578957963 ], [ 24.088660812540802, 49.831295027991061 ], [ 24.088451092627729, 49.831234926684928 ], [ 24.087449594098125, 49.831220617529461 ], [ 24.08728675271794, 49.831326195894725 ], [ 24.087030615636078, 49.831356517859533 ], [ 24.086751375779777, 49.831492312713685 ], [ 24.086332179589128, 49.831507689246102 ], [ 24.086215941888376, 49.831628296739837 ], [ 24.085471103661568, 49.831884953498829 ], [ 24.084376561540633, 49.831946011889137 ], [ 24.083618797500826, 49.83146447238294 ], [ 24.083618590822422, 49.831343951101239 ], [ 24.083501985582124, 49.831253643635414 ], [ 24.083082379720786, 49.831027965839318 ], [ 24.082267104790894, 49.83095321828111 ], [ 24.081545067407937, 49.83092359533309 ], [ 24.080287710959507, 49.831105250359762 ], [ 24.079612695058522, 49.831346756200539 ], [ 24.077658366189478, 49.831711996948023 ], [ 24.077587295497601, 49.831875403003473 ], [ 24.077307906814717, 49.831935849304948 ], [ 24.07705190302357, 49.832056540187118 ], [ 24.076795731945246, 49.832071774375983 ], [ 24.075445235655359, 49.83229863366806 ], [ 24.074956203475264, 49.832344144570961 ], [ 24.074187614490651, 49.832344636062651 ], [ 24.073633005684592, 49.832030709255541 ], [ 24.073745775837271, 49.831984402210331 ], [ 24.074665574783527, 49.83174308093745 ], [ 24.075199105883534, 49.831274360601341 ], [ 24.075198478966335, 49.830867601169281 ], [ 24.074942267302159, 49.83085270093305 ], [ 24.074918422279488, 49.830491151931639 ], [ 24.074848275906728, 49.830310414807222 ], [ 24.074824478059831, 49.829978996086297 ], [ 24.07466142893292, 49.829964035411805 ], [ 24.074102436798903, 49.829934261596904 ], [ 24.073846184803294, 49.829889228598098 ], [ 24.074427293772196, 49.829150665197801 ], [ 24.074124376040455, 49.829045401845796 ], [ 24.073751706639477, 49.829015507755557 ], [ 24.073286877287778, 49.829648538495384 ], [ 24.073263022589622, 49.829271923902567 ], [ 24.073495800151303, 49.829196451520588 ], [ 24.073448904585852, 49.828985568486182 ], [ 24.073704446087383, 49.828563582084136 ], [ 24.073494506928391, 49.828337736788221 ], [ 24.073401080417902, 49.828157013390573 ], [ 24.073358736838735, 49.828082619984386 ], [ 24.073777803502047, 49.827901712912869 ], [ 24.075815517296238, 49.827855891938846 ], [ 24.076490930810053, 49.827915937771721 ], [ 24.077492279195813, 49.827840285339654 ], [ 24.078004554316365, 49.827749723642633 ], [ 24.078167476886712, 49.82762914706921 ], [ 24.078283639996712, 49.827282607341658 ], [ 24.078329791482737, 49.826755308147895 ], [ 24.080705205668053, 49.826799678281169 ], [ 24.081101192976359, 49.826904992646973 ], [ 24.082289018112217, 49.82705520995605 ], [ 24.08249861136164, 49.827055131908097 ], [ 24.082684943462976, 49.827085192697325 ], [ 24.082871153812697, 49.826979666011603 ], [ 24.083033993676121, 49.826783756374581 ], [ 24.083033993676121, 49.826783756374581 ], [ 24.083360121728795, 49.826889089402975 ], [ 24.083756046383233, 49.826919068486717 ], [ 24.084082037616191, 49.826873747063381 ], [ 24.08419836614663, 49.826753180012879 ], [ 24.084250557899708, 49.826530947347003 ], [ 24.084396019522476, 49.826436732956786 ], [ 24.084512423571304, 49.826399024419921 ], [ 24.084541251912029, 49.826097708175595 ], [ 24.084977718290197, 49.82590922111627 ], [ 24.085108782211563, 49.825984495563553 ], [ 24.085807356681521, 49.825927722273867 ], [ 24.085835995780204, 49.825438090122375 ], [ 24.08598161438276, 49.825513357735808 ], [ 24.086389509975419, 49.825889823760491 ], [ 24.086738952744827, 49.826021501997623 ], [ 24.087932179654956, 49.825757364916576 ], [ 24.088281244825648, 49.825512407403608 ], [ 24.088659684201399, 49.825531078203809 ], [ 24.08910611446202, 49.824858086763911 ], [ 24.089124502615068, 49.824626963925617 ], [ 24.08985202394663, 49.824438332809677 ], [ 24.090375899331594, 49.824362776564627 ], [ 24.090521262914688, 49.824193228221084 ], [ 24.090725082050565, 49.824249632555578 ], [ 24.090637856366712, 49.824343829112841 ], [ 24.091278668594107, 49.82473900604414 ], [ 24.091919041294144, 49.824719885158494 ], [ 24.092413766480334, 49.824606669819815 ], [ 24.092588480817618, 49.824663084224625 ], [ 24.09282164193154, 49.82492661858592 ], [ 24.093695141241501, 49.825133358656267 ], [ 24.094073388124656, 49.824982527783455 ], [ 24.094713676773591, 49.824888065235221 ], [ 24.094839541391302, 49.824345109098935 ], [ 24.094547799857985, 49.824006379351253 ], [ 24.094169247731081, 49.823931360063902 ], [ 24.093790986641459, 49.824006991294816 ], [ 24.093383760426942, 49.824157970510086 ], [ 24.093267147105959, 49.824063906461781 ], [ 24.092742983895384, 49.823951336033971 ], [ 24.09271272965054, 49.823348752136489 ], [ 24.092100967618929, 49.823085596482073 ], [ 24.091946042372523, 49.822780221204958 ], [ 24.09310992825619, 49.822403054557121 ], [ 24.093284572520759, 49.822402973243697 ], [ 24.093488239920877, 49.822327551787779 ], [ 24.093554253919304, 49.821992211015285 ], [ 24.093495895468259, 49.821916931858347 ], [ 24.093146288270297, 49.821747728439092 ], [ 24.093233392722873, 49.821634669707791 ], [ 24.091984702676022, 49.821124563711962 ], [ 24.091666405943037, 49.821154238878798 ], [ 24.091711220660493, 49.820801112823339 ], [ 24.092128478542989, 49.819705588758069 ], [ 24.092355867290195, 49.819705484759076 ], [ 24.092299211164285, 49.819094042620797 ], [ 24.091889973964946, 49.819123790446653 ], [ 24.091161957048136, 49.818918392830234 ], [ 24.090980049856618, 49.818918535058501 ], [ 24.09083681201087, 49.818682075941844 ], [ 24.090924056809449, 49.81864434483974 ], [ 24.090428294231966, 49.818117448312229 ], [ 24.090137456372357, 49.818230662836733 ], [ 24.090079072966539, 49.818136550414749 ], [ 24.089788026140237, 49.818136775121033 ], [ 24.087344514188025, 49.8188542304432 ], [ 24.08644262273139, 49.819062049759268 ], [ 24.085715421921972, 49.819307396692622 ], [ 24.08617977718853, 49.818553793577941 ], [ 24.086412049505093, 49.818233485765163 ], [ 24.0868425333998, 49.81732333098752 ], [ 24.08719169233191, 49.817229029080337 ], [ 24.087686145349469, 49.816908686371505 ], [ 24.088093185352303, 49.816494220453649 ], [ 24.089236524991684, 49.815634282018301 ], [ 24.088940026081836, 49.815159363759996 ], [ 24.089073265740744, 49.815011164798804 ], [ 24.088970544296398, 49.814568668899852 ], [ 24.089069662747516, 49.814525622827126 ], [ 24.088301797848196, 49.812919879414991 ], [ 24.08824381161207, 49.812494143858189 ], [ 24.087837946365593, 49.812167402554444 ], [ 24.08736948509533, 49.811495146542015 ], [ 24.08737850134667, 49.811205115997716 ], [ 24.0874924644699, 49.810945860262947 ], [ 24.0874445099032, 49.810791628286417 ], [ 24.086910319565327, 49.810680955080201 ], [ 24.086738756315007, 49.810724277977485 ], [ 24.085832204420448, 49.810342364773462 ], [ 24.085508030138378, 49.810361115302257 ], [ 24.085336445178989, 49.810392094702813 ], [ 24.085193488072544, 49.810435394359089 ], [ 24.085089246238706, 49.810553309100875 ], [ 24.084836163927541, 49.810583752354141 ], [ 24.084254176362712, 49.810399053059697 ], [ 24.083824930303415, 49.810312972574401 ], [ 24.08351023812423, 49.810300857094937 ], [ 24.083424397667208, 49.810288577143453 ], [ 24.083033589902577, 49.810375246354674 ], [ 24.081174567801664, 49.810617214180184 ], [ 24.079714288740256, 49.809797516367247 ], [ 24.079169400000119, 49.8095197 ] ] ] ] } },
{ "type": "Feature", "properties": { "fid": 14, "MOID": "2105208105171158582", "ID": "6", "NAME": "Сихівський район", "EDITOR_DAT": null, "KOATUU": "4610136800" }, "geometry": { "type": "MultiPolygon", "coordinates": [ [ [ [ 24.055678600000128, 49.820972600000111 ], [ 24.055756099999989, 49.820886899999934 ], [ 24.055851, 49.820775399999988 ], [ 24.0558636, 49.8207608 ], [ 24.055973, 49.820637 ], [ 24.056106800000062, 49.820491899999965 ], [ 24.056241199999981, 49.820346800000024 ], [ 24.056642200000105, 49.819908700000028 ], [ 24.0569006, 49.819634600000072 ], [ 24.057154700000062, 49.8193632 ], [ 24.0572935, 49.819211400000079 ], [ 24.0574138, 49.819085100000102 ], [ 24.057508500000036, 49.8189894 ], [ 24.057593300000114, 49.818904500000073 ], [ 24.057648, 49.818858 ], [ 24.057691700000071, 49.818822 ], [ 24.057727, 49.818792099999982 ], [ 24.057811, 49.818732500000067 ], [ 24.057902200000107, 49.818672500000027 ], [ 24.058587, 49.8182979 ], [ 24.058713700000109, 49.818222900000016 ], [ 24.059097300000012, 49.817996 ], [ 24.059158699999948, 49.817963399999989 ], [ 24.059643400000081, 49.817689600000101 ], [ 24.060538800000128, 49.817202500000107 ], [ 24.060912599999931, 49.817008 ], [ 24.06112220000005, 49.816897500000088 ], [ 24.06132840000009, 49.816782499999967 ], [ 24.0615143, 49.816644899999957 ], [ 24.061647199999978, 49.8165161 ], [ 24.061692199999975, 49.8164411 ], [ 24.061701400000054, 49.816380400000114 ], [ 24.061717499999922, 49.816231800000068 ], [ 24.061719600000114, 49.816210400000102 ], [ 24.061817300000023, 49.816066 ], [ 24.061996400000105, 49.815967800000109 ], [ 24.062861300000062, 49.815965899999917 ], [ 24.0630422, 49.8159648 ], [ 24.063656100000109, 49.815976300000095 ], [ 24.064463300000106, 49.816002200000113 ], [ 24.064837300000129, 49.816018800000037 ], [ 24.065407, 49.816043299999919 ], [ 24.065838, 49.816068100000038 ], [ 24.066013000000108, 49.816078099999963 ], [ 24.066590799999911, 49.816115900000099 ], [ 24.067580899999932, 49.8161835 ], [ 24.067886500000039, 49.816197200000069 ], [ 24.068041800000056, 49.816197500000094 ], [ 24.0681887, 49.816189499999943 ], [ 24.068283099999967, 49.816180899999935 ], [ 24.068604100000066, 49.816143100000019 ], [ 24.068687900000096, 49.816132500000023 ], [ 24.069096100000074, 49.816075 ], [ 24.069278700000091, 49.816049300000074 ], [ 24.069473900000098, 49.81601710000011 ], [ 24.0696315, 49.815988900000086 ], [ 24.069785500000133, 49.815959699999944 ], [ 24.069898600000041, 49.815935600000074 ], [ 24.070166900000057, 49.815872 ], [ 24.070584199999924, 49.815766199999914 ], [ 24.07229430000006, 49.815326299999974 ], [ 24.073380500000034, 49.815038200000103 ], [ 24.074090099999914, 49.814846900000063 ], [ 24.074623299999978, 49.814703800000117 ], [ 24.074822400000123, 49.81465160000009 ], [ 24.075434100000102, 49.814491599999982 ], [ 24.076097100000077, 49.814321300000117 ], [ 24.076214800000056, 49.8142897 ], [ 24.076489500000033, 49.8142166 ], [ 24.076764500000074, 49.814149900000118 ], [ 24.076971300000132, 49.814108799999921 ], [ 24.077180100000014, 49.81407230000012 ], [ 24.077379300000125, 49.814041300000021 ], [ 24.077571400000064, 49.814016100000117 ], [ 24.0777643, 49.813994600000107 ], [ 24.077818700000076, 49.813988500000093 ], [ 24.077965899999974, 49.813977200000053 ], [ 24.078002000000133, 49.813974900000048 ], [ 24.078184500000127, 49.813969400000119 ], [ 24.078367000000121, 49.813984499999933 ], [ 24.078503800000071, 49.813636 ], [ 24.07862150000005, 49.813336100000114 ], [ 24.078806800000102, 49.812875500000011 ], [ 24.079071000000106, 49.812198099999932 ], [ 24.0792778, 49.81164550000004 ], [ 24.079388699999917, 49.8113422 ], [ 24.079468399999989, 49.81110680000004 ], [ 24.0794904, 49.811042 ], [ 24.079537099999978, 49.81090650000003 ], [ 24.079574500000028, 49.810774100000046 ], [ 24.079603200000115, 49.810640300000038 ], [ 24.079606300000016, 49.810507900000047 ], [ 24.079594, 49.810379700000105 ], [ 24.079567700000034, 49.810263600000084 ], [ 24.079529800000095, 49.810146000000131 ], [ 24.079471800000075, 49.80998610000006 ], [ 24.079385900000084, 49.809826299999983 ], [ 24.07928, 49.809667 ], [ 24.079169400000119, 49.8095197 ], [ 24.077928021135158, 49.808081753234816 ], [ 24.078859813321682, 49.805659040522748 ], [ 24.081347384395762, 49.80246165304213 ], [ 24.082836004136606, 49.801386984354906 ], [ 24.08607009113377, 49.798207634989694 ], [ 24.086590016078816, 49.79773927580311 ], [ 24.085473499999974, 49.797089300000039 ], [ 24.0853212, 49.7969987 ], [ 24.084443800000027, 49.796595400000044 ], [ 24.08228930000012, 49.796132200000088 ], [ 24.08292920000013, 49.793172499999947 ], [ 24.083196600000058, 49.790614200000036 ], [ 24.083182500000127, 49.790198700000126 ], [ 24.082972700000024, 49.789647100000131 ], [ 24.082440800000079, 49.788917 ], [ 24.08254850000008, 49.787547100000083 ], [ 24.0787861, 49.786838200000069 ], [ 24.0796294, 49.783381600000034 ], [ 24.079661, 49.783252199999971 ], [ 24.07886180000002, 49.783132500000065 ], [ 24.077736700000052, 49.782850799999984 ], [ 24.076769200000108, 49.782370900000082 ], [ 24.076425200000067, 49.782592399999928 ], [ 24.075663200000061, 49.7821395 ], [ 24.074047000000117, 49.781566299999938 ], [ 24.072600599999983, 49.781249600000066 ], [ 24.071174700000135, 49.781036599999986 ], [ 24.06946680000004, 49.780845700000036 ], [ 24.066693600000058, 49.780717800000097 ], [ 24.063898, 49.780635 ], [ 24.0617193000001, 49.780159600000097 ], [ 24.058513800000064, 49.780574499999986 ], [ 24.057354500000081, 49.780665400000018 ], [ 24.056612200000124, 49.780607800000034 ], [ 24.056218600000072, 49.780779600000059 ], [ 24.054466900000076, 49.780834099999929 ], [ 24.053541400000078, 49.780735699999966 ], [ 24.053076699999956, 49.780686300000013 ], [ 24.0515997, 49.780479200000045 ], [ 24.051302400000104, 49.7806203 ], [ 24.051125800000015, 49.780731900000021 ], [ 24.0513917, 49.780927700000042 ], [ 24.051630500000037, 49.781185600000065 ], [ 24.051965500000044, 49.781768900000017 ], [ 24.0518952000001, 49.78291810000006 ], [ 24.0521236, 49.783334600000089 ], [ 24.051648600000128, 49.785879100000088 ], [ 24.0493605, 49.785780799999984 ], [ 24.049232, 49.7865416 ], [ 24.0491053, 49.787239300000053 ], [ 24.048218399999989, 49.787244100000052 ], [ 24.048086800000132, 49.787551300000061 ], [ 24.048124900000055, 49.788004600000122 ], [ 24.047843, 49.788051 ], [ 24.047621, 49.788250100000013 ], [ 24.047302700000099, 49.788258100000114 ], [ 24.046879300000054, 49.7881729 ], [ 24.046432900000063, 49.788044100000022 ], [ 24.045864, 49.787832400000056 ], [ 24.045754500000037, 49.7879429 ], [ 24.044613599999987, 49.787501600000084 ], [ 24.044773200000062, 49.787366 ], [ 24.043150500000074, 49.786585 ], [ 24.041573599999985, 49.785717700000063 ], [ 24.04136920000013, 49.785713600000101 ], [ 24.039356, 49.786619 ], [ 24.034732700000113, 49.787484100000022 ], [ 24.0321101, 49.781683200000025 ], [ 24.031458600000057, 49.779620500000071 ], [ 24.031171, 49.7678305 ], [ 24.014303199999965, 49.768999900000097 ], [ 24.0142563, 49.770662699999988 ], [ 24.014182, 49.773444599999934 ], [ 24.013969400000061, 49.781510899999986 ], [ 24.014002300000122, 49.782439400000079 ], [ 24.014104700000068, 49.783705700000027 ], [ 24.014002, 49.78371450000008 ], [ 24.014074200000032, 49.784489700000094 ], [ 24.014216100000052, 49.785308100000115 ], [ 24.014353800000031, 49.785962800000092 ], [ 24.014721400000091, 49.7876274 ], [ 24.014763700000053, 49.787852 ], [ 24.0148275, 49.788122700000123 ], [ 24.014910100000058, 49.788505499999971 ], [ 24.01500170000002, 49.78894 ], [ 24.015515800000113, 49.791296099999954 ], [ 24.015579, 49.791584299999982 ], [ 24.015689100000028, 49.792058900000015 ], [ 24.015718499999984, 49.792190600000076 ], [ 24.016121200000093, 49.7940271 ], [ 24.0161693, 49.794238800000052 ], [ 24.0161971, 49.7943584 ], [ 24.016662699999976, 49.796524800000029 ], [ 24.016872900000116, 49.797623499999965 ], [ 24.016932700000091, 49.797905100000015 ], [ 24.016963, 49.798032799999916 ], [ 24.017188, 49.799040099999949 ], [ 24.017606700000098, 49.800914200000122 ], [ 24.017665299999969, 49.801206800000031 ], [ 24.017786, 49.801708500000125 ], [ 24.0178717, 49.801821900000093 ], [ 24.0179769, 49.801924700000072 ], [ 24.018030800000016, 49.802080800000041 ], [ 24.0180542, 49.802158800000072 ], [ 24.018197799999935, 49.802792899999972 ], [ 24.018283600000125, 49.803186 ], [ 24.018571899999976, 49.804506900000021 ], [ 24.018759600000063, 49.805349100000107 ], [ 24.018923599999987, 49.806109100000057 ], [ 24.018970400000107, 49.8065501 ], [ 24.019011499999969, 49.806937900000079 ], [ 24.019054799999985, 49.807345600000069 ], [ 24.019090300000066, 49.807704 ], [ 24.019115800000058, 49.80796140000006 ], [ 24.019121400000014, 49.808017500000034 ], [ 24.019134700000048, 49.808152100000015 ], [ 24.019147, 49.808276099999986 ], [ 24.019177099999972, 49.808579800000061 ], [ 24.019220700000055, 49.809022600000098 ], [ 24.019222800000019, 49.809044200000123 ], [ 24.01932690000012, 49.810061100000034 ], [ 24.019378899999985, 49.810569 ], [ 24.01943290000002, 49.811050700000045 ], [ 24.019461600000053, 49.811270700000122 ], [ 24.019491700000053, 49.8115589 ], [ 24.019547300000053, 49.812172100000097 ], [ 24.0195718, 49.81245130000012 ], [ 24.019609200000041, 49.812873100000026 ], [ 24.01963210000013, 49.813136499999978 ], [ 24.019691900000105, 49.813806300000117 ], [ 24.019725400000077, 49.814113499999941 ], [ 24.019750800000047, 49.814346200000031 ], [ 24.019789700000043, 49.814701200000108 ], [ 24.019806099999975, 49.814852 ], [ 24.019851000000124, 49.815304200000057 ], [ 24.0198684, 49.815478799999987 ], [ 24.020035300000128, 49.817157799999947 ], [ 24.02005170000006, 49.817338 ], [ 24.0201729, 49.818580900000129 ], [ 24.020582300000054, 49.81851360000006 ], [ 24.021214900000011, 49.818404 ], [ 24.021241800000091, 49.8183993 ], [ 24.02380340000013, 49.817947399999916 ], [ 24.024221, 49.8178621 ], [ 24.024481300000097, 49.8178368 ], [ 24.0247205, 49.817839200000023 ], [ 24.025012100000136, 49.818048500000138 ], [ 24.0250987, 49.818138200000071 ], [ 24.025757399999971, 49.818843699999988 ], [ 24.026291400000101, 49.819367 ], [ 24.0272232, 49.820260900000044 ], [ 24.0273373, 49.820365299999978 ], [ 24.027947, 49.820908299999971 ], [ 24.028347200000034, 49.821257899999914 ], [ 24.028484, 49.821366 ], [ 24.028605799999919, 49.821455599999972 ], [ 24.028812300000133, 49.821592500000065 ], [ 24.029036600000033, 49.82169390000012 ], [ 24.029292899999966, 49.821771200000093 ], [ 24.030415, 49.821964100000102 ], [ 24.03100640000013, 49.8220233 ], [ 24.032230599999984, 49.822162499999983 ], [ 24.032493600000119, 49.822218399999983 ], [ 24.032599000000111, 49.822282299999976 ], [ 24.0327219, 49.822273100000061 ], [ 24.032887299999967, 49.822179599999956 ], [ 24.033206500000112, 49.8218749 ], [ 24.033392, 49.821611400000045 ], [ 24.0342052, 49.821871300000048 ], [ 24.034331599999966, 49.821912600000132 ], [ 24.035864100000076, 49.822000700000096 ], [ 24.03778810000011, 49.8221993 ], [ 24.037993300000036, 49.822321900000013 ], [ 24.038452, 49.8228645 ], [ 24.038508300000043, 49.822963600000016 ], [ 24.03908820000003, 49.822072800000043 ], [ 24.039126399999979, 49.822013600000105 ], [ 24.039698900000129, 49.821126400000075 ], [ 24.03992490000001, 49.820730800000021 ], [ 24.040099700000091, 49.820418500000123 ], [ 24.040170300000053, 49.820306400000085 ], [ 24.040443500000091, 49.819813599999975 ], [ 24.040601700000021, 49.819609399999983 ], [ 24.040811299999969, 49.819401899999988 ], [ 24.041076400000058, 49.819245600000031 ], [ 24.041318199999971, 49.819137099999971 ], [ 24.041579699999936, 49.819039800000084 ], [ 24.043288699999941, 49.818528900000089 ], [ 24.043559000000126, 49.8184056 ], [ 24.043800600000047, 49.818263599999959 ], [ 24.044091700000131, 49.81802660000011 ], [ 24.044329100000081, 49.817776 ], [ 24.044396899999974, 49.81779640000007 ], [ 24.0446114, 49.817609600000068 ], [ 24.044919600000064, 49.817474800000056 ], [ 24.045058500000032, 49.817427500000065 ], [ 24.045211700000092, 49.8174202 ], [ 24.0453311, 49.81743550000003 ], [ 24.045457900000024, 49.817451699999921 ], [ 24.04551380000003, 49.817445099999922 ], [ 24.045562000000125, 49.817430199999926 ], [ 24.045601500000028, 49.817403 ], [ 24.045625700000066, 49.81735350000001 ], [ 24.045629700000056, 49.817247200000097 ], [ 24.045595700000085, 49.816864800000062 ], [ 24.045609300000134, 49.816730499999942 ], [ 24.0456332, 49.816629200000129 ], [ 24.045733700000135, 49.816414400000085 ], [ 24.045846500000032, 49.8162218 ], [ 24.046008100000101, 49.816046 ], [ 24.046121300000031, 49.81594850000009 ], [ 24.046218400000093, 49.815888400000105 ], [ 24.046311000000109, 49.815851500000051 ], [ 24.046374300000018, 49.8158439 ], [ 24.046435, 49.815844900000045 ], [ 24.046506899999933, 49.815863700000016 ], [ 24.046557400000033, 49.815888899999933 ], [ 24.0465973, 49.8159385 ], [ 24.046601800000012, 49.815974899999944 ], [ 24.046598100000033, 49.816011 ], [ 24.0465269, 49.816252600000034 ], [ 24.046552099999978, 49.816324500000114 ], [ 24.04658, 49.816348300000129 ], [ 24.046642599999977, 49.8163812 ], [ 24.0467559, 49.816408399999943 ], [ 24.0468553, 49.816427400000109 ], [ 24.047757, 49.816599399999944 ], [ 24.0486864, 49.816813900000099 ], [ 24.050086800000027, 49.817160499999986 ], [ 24.051865935949994, 49.817590766406163 ], [ 24.051237475635535, 49.818928452099463 ], [ 24.051611500000085, 49.819044800000135 ], [ 24.052837400000094, 49.819334599999976 ], [ 24.053014800000025, 49.81947540000003 ], [ 24.053475200000086, 49.819839499999986 ], [ 24.054064900000011, 49.820143200000061 ], [ 24.054304699999982, 49.820266699999976 ], [ 24.054531300000058, 49.820387800000027 ], [ 24.05557460000005, 49.820920300000054 ], [ 24.055678600000128, 49.820972600000111 ] ] ] ] } },
{ "type": "Feature", "properties": { "fid": 15, "MOID": "2105208105171158583", "ID": "2", "NAME": "Франківський район", "EDITOR_DAT": null, "KOATUU": "4610136900" }, "geometry": { "type": "MultiPolygon", "coordinates": [ [ [ [ 23.9815485, 49.806356 ], [ 23.9816297, 49.806680499999977 ], [ 23.981689, 49.806897499999984 ], [ 23.9818423, 49.807510199999982 ], [ 23.9819904, 49.8080564 ], [ 23.982204, 49.808616699999988 ], [ 23.9823973, 49.809038699999988 ], [ 23.9824341, 49.8091286 ], [ 23.9825114, 49.809316499999987 ], [ 23.9826262, 49.809574 ], [ 23.9827369, 49.809755 ], [ 23.9830376, 49.810356699999986 ], [ 23.9835498, 49.811287399999983 ], [ 23.9837623, 49.811673599999985 ], [ 23.9841999, 49.812386 ], [ 23.9844049, 49.812767899999983 ], [ 23.9844976, 49.812947 ], [ 23.9846226, 49.8131831 ], [ 23.9847289, 49.813385099999984 ], [ 23.9848209, 49.813561099999987 ], [ 23.9848706, 49.813655599999976 ], [ 23.9852005, 49.814233199999975 ], [ 23.9854146, 49.814624199999983 ], [ 23.9856343, 49.8150079 ], [ 23.9857288, 49.815169 ], [ 23.9860667, 49.815801799999988 ], [ 23.9864614, 49.816491299999988 ], [ 23.9866462, 49.816842399999985 ], [ 23.9868427, 49.817185499999987 ], [ 23.9871837, 49.817772399999988 ], [ 23.9875171, 49.8183776 ], [ 23.9877184, 49.8187843 ], [ 23.9877657, 49.8188833 ], [ 23.9877923, 49.818948299999988 ], [ 23.9878176, 49.819009 ], [ 23.9878914, 49.819188 ], [ 23.9880162, 49.819557199999984 ], [ 23.9881083, 49.819845299999983 ], [ 23.9884238, 49.8208129 ], [ 23.9885678, 49.821267 ], [ 23.9886305, 49.821476099999984 ], [ 23.9886601, 49.8215661 ], [ 23.9889064, 49.8223494 ], [ 23.9892181, 49.823383 ], [ 23.9893392, 49.8237782 ], [ 23.9758932, 49.827875 ], [ 23.9751663, 49.828196 ], [ 23.9746086, 49.828535699999989 ], [ 23.9740907, 49.828962 ], [ 23.9738397, 49.8292333 ], [ 23.9736291, 49.829515899999983 ], [ 23.9734927, 49.8297354 ], [ 23.9733875, 49.8299607 ], [ 23.9733099, 49.830188499999977 ], [ 23.9732415, 49.830458499999978 ], [ 23.9732127, 49.830725599999987 ], [ 23.9732113, 49.830969899999985 ], [ 23.9732688, 49.831537099999984 ], [ 23.9736771, 49.831605199999984 ], [ 23.974818, 49.8318223 ], [ 23.9750033, 49.8318576 ], [ 23.9760496, 49.832034499999985 ], [ 23.9762206, 49.832073299999969 ], [ 23.9766086, 49.8321421 ], [ 23.9772808, 49.832258 ], [ 23.9781029, 49.832388799999983 ], [ 23.9788161, 49.832525899999986 ], [ 23.9798444, 49.832703899999984 ], [ 23.9804825, 49.8328134 ], [ 23.9807682, 49.832862499999976 ], [ 23.9814323, 49.8329901 ], [ 23.9819909, 49.833088099999983 ], [ 23.9828232, 49.833239399999982 ], [ 23.9833535, 49.8333413 ], [ 23.9836546, 49.8334006 ], [ 23.9836954, 49.833408399999989 ], [ 23.9838647, 49.833449 ], [ 23.9846885, 49.833577 ], [ 23.9851485, 49.833663099999988 ], [ 23.9852199, 49.8336757 ], [ 23.9853098, 49.833691599999987 ], [ 23.9855992, 49.833742699999988 ], [ 23.9859601, 49.833811299999986 ], [ 23.9869139, 49.833992599999981 ], [ 23.9873665, 49.834059299999986 ], [ 23.9875382, 49.8340896 ], [ 23.987676, 49.834113799999976 ], [ 23.9878382, 49.834142299999989 ], [ 23.9884405, 49.834248 ], [ 23.9885782, 49.8342722 ], [ 23.9891244, 49.834368099999985 ], [ 23.989219, 49.8343853 ], [ 23.989267, 49.834394099999983 ], [ 23.9896879, 49.834470799999977 ], [ 23.9900978, 49.8345427 ], [ 23.9901161, 49.834545799999979 ], [ 23.9905, 49.834613 ], [ 23.9905392, 49.834619899999986 ], [ 23.9907886, 49.834660499999984 ], [ 23.9908545, 49.834671099999987 ], [ 23.9909701, 49.834690399999978 ], [ 23.9917119, 49.834826 ], [ 23.9925135, 49.8349726 ], [ 23.9938162, 49.835210799999984 ], [ 23.9940079, 49.8352445 ], [ 23.9941093, 49.8352654 ], [ 23.9942265, 49.835285899999988 ], [ 23.9946016, 49.835351299999985 ], [ 23.9946225, 49.835355499999984 ], [ 23.9951175, 49.835442499999978 ], [ 23.995562, 49.8355206 ], [ 23.9956415, 49.835534599999988 ], [ 23.9964988, 49.8356853 ], [ 23.9969625, 49.8357668 ], [ 23.9975947, 49.835878 ], [ 23.9983669, 49.8360137 ], [ 23.9984102, 49.8360213 ], [ 23.9988587, 49.836100199999983 ], [ 23.9991503, 49.8361514 ], [ 24.0003803, 49.836360699999979 ], [ 24.0009371, 49.8364587 ], [ 24.0016117, 49.836581399999986 ], [ 24.0020319, 49.836657899999977 ], [ 24.0024991, 49.836744299999985 ], [ 24.002697, 49.836781 ], [ 24.0028502, 49.836824299999989 ], [ 24.0038684, 49.837131099999972 ], [ 24.0039611, 49.837002899999987 ], [ 24.0042929, 49.836484499999976 ], [ 24.0044326, 49.836276799999986 ], [ 24.0045068, 49.836155399999981 ], [ 24.0045815, 49.8360612 ], [ 24.0046493, 49.835991599999979 ], [ 24.0050944, 49.835563699999973 ], [ 24.0052848, 49.835434 ], [ 24.005581, 49.835333399999989 ], [ 24.0059209, 49.835215299999987 ], [ 24.0062682, 49.835104499999986 ], [ 24.0069513, 49.834891499999976 ], [ 24.0070761, 49.8348516 ], [ 24.0072787, 49.834802899999985 ], [ 24.0076249, 49.834788699999983 ], [ 24.0095947, 49.8347492 ], [ 24.0096625, 49.8347477 ], [ 24.0100443, 49.834738199999975 ], [ 24.0103666, 49.834732 ], [ 24.0106744, 49.8347234 ], [ 24.0112514, 49.834708899999988 ], [ 24.0128448, 49.834679799999989 ], [ 24.0129267, 49.83468 ], [ 24.0139233, 49.834682399999984 ], [ 24.0144276, 49.834685699999987 ], [ 24.0144299, 49.834610199999986 ], [ 24.0144544, 49.833755699999976 ], [ 24.0144731, 49.8337042 ], [ 24.0145112, 49.8336584 ], [ 24.0145829, 49.8336018 ], [ 24.0146663, 49.833645199999985 ], [ 24.0148113, 49.8337214 ], [ 24.0148558, 49.833685199999984 ], [ 24.0157817, 49.832931399999985 ], [ 24.0158706, 49.8329356 ], [ 24.0159919, 49.832918499999977 ], [ 24.0163084, 49.8328414 ], [ 24.0171661, 49.8326246 ], [ 24.0173299, 49.8325842 ], [ 24.0177283, 49.832491 ], [ 24.0178391, 49.8324635 ], [ 24.0180971, 49.832400599999986 ], [ 24.0183692, 49.832287899999983 ], [ 24.018509, 49.832223 ], [ 24.018506, 49.8320988 ], [ 24.0184554, 49.831069599999985 ], [ 24.0184469, 49.8308025 ], [ 24.0184092, 49.830062099999985 ], [ 24.0183553, 49.8290124 ], [ 24.0183878, 49.8288779 ], [ 24.0184518, 49.828787599999984 ], [ 24.0187418, 49.8284766 ], [ 24.0191316, 49.828048699999982 ], [ 24.019155, 49.827971899999987 ], [ 24.0191542, 49.827847099999985 ], [ 24.0190744, 49.827719699999982 ], [ 24.0188585, 49.827523099999986 ], [ 24.0180271, 49.826612899999986 ], [ 24.0185288, 49.826339899999986 ], [ 24.0190329, 49.8260779 ], [ 24.0197044, 49.825738799999989 ], [ 24.0202515, 49.825479199999975 ], [ 24.021029, 49.825099799999983 ], [ 24.0209616, 49.825045599999989 ], [ 24.0209099, 49.824994899999986 ], [ 24.0208586, 49.824916599999987 ], [ 24.0208224, 49.824829899999983 ], [ 24.0207935, 49.824750599999987 ], [ 24.0207733, 49.824668399999986 ], [ 24.0207163, 49.824179299999976 ], [ 24.0206703, 49.823694299999978 ], [ 24.0205894, 49.822731599999983 ], [ 24.0203781, 49.8207975 ], [ 24.0203579, 49.8205928 ], [ 24.0203166, 49.8201746 ], [ 24.0202941, 49.8198613 ], [ 24.0202278, 49.819221 ], [ 24.0201729, 49.818580899999986 ], [ 24.0200517, 49.817338 ], [ 24.0200353, 49.8171578 ], [ 24.0198684, 49.8154788 ], [ 24.019851, 49.815304199999986 ], [ 24.0198061, 49.814852 ], [ 24.0197897, 49.8147012 ], [ 24.0197508, 49.814346199999989 ], [ 24.0197254, 49.814113499999976 ], [ 24.0196919, 49.8138063 ], [ 24.0196321, 49.8131365 ], [ 24.0196092, 49.812873099999983 ], [ 24.0195718, 49.8124513 ], [ 24.0195473, 49.812172099999984 ], [ 24.0194917, 49.8115589 ], [ 24.0194616, 49.8112707 ], [ 24.0194329, 49.811050699999981 ], [ 24.0193789, 49.810569 ], [ 24.0193269, 49.8100611 ], [ 24.0192228, 49.8090442 ], [ 24.0192207, 49.809022599999984 ], [ 24.0191771, 49.8085798 ], [ 24.019147, 49.808276099999986 ], [ 24.0191347, 49.808152099999987 ], [ 24.0191214, 49.8080175 ], [ 24.0191158, 49.8079614 ], [ 24.0190903, 49.807704 ], [ 24.0190548, 49.807345599999984 ], [ 24.0190115, 49.8069379 ], [ 24.0189704, 49.806550099999981 ], [ 24.0189236, 49.806109099999986 ], [ 24.0187596, 49.8053491 ], [ 24.0185719, 49.804506899999986 ], [ 24.0182836, 49.803186 ], [ 24.0181978, 49.8027929 ], [ 24.0180542, 49.8021588 ], [ 24.0180308, 49.802080799999985 ], [ 24.0179769, 49.8019247 ], [ 24.0178717, 49.801821899999986 ], [ 24.017786, 49.801708499999989 ], [ 24.0176653, 49.8012068 ], [ 24.0176067, 49.800914199999987 ], [ 24.017188, 49.7990401 ], [ 24.016963, 49.798032799999987 ], [ 24.0169327, 49.797905099999987 ], [ 24.0168729, 49.797623499999979 ], [ 24.0166627, 49.796524799999986 ], [ 24.0161971, 49.794358399999986 ], [ 24.0161693, 49.794238799999988 ], [ 24.0161212, 49.794027099999987 ], [ 24.0157185, 49.7921906 ], [ 24.0156891, 49.792058899999986 ], [ 24.015579, 49.791584299999975 ], [ 24.0155158, 49.7912961 ], [ 24.0150017, 49.78894 ], [ 24.0149101, 49.788505499999985 ], [ 24.0148275, 49.788122699999981 ], [ 24.0147637, 49.787852 ], [ 24.0147214, 49.787627399999984 ], [ 24.0143538, 49.7859628 ], [ 24.0142161, 49.7853081 ], [ 24.0140742, 49.784489699999988 ], [ 24.014002, 49.783714499999988 ], [ 24.0127095, 49.783896499999976 ], [ 24.0120846, 49.7839373 ], [ 24.0125359, 49.785515299999986 ], [ 24.0126839, 49.7865616 ], [ 24.012426, 49.787833399999982 ], [ 24.0123996, 49.788323499999976 ], [ 24.0120504, 49.792317499999989 ], [ 24.0122972, 49.794591399999987 ], [ 24.0115247, 49.794596099999985 ], [ 24.0115462, 49.7967292 ], [ 24.0048984, 49.7969393 ], [ 23.9824944, 49.7976474 ], [ 23.9823272, 49.799555299999987 ], [ 23.9800773, 49.799946199999987 ], [ 23.9803044, 49.801291899999988 ], [ 23.9803906, 49.801592 ], [ 23.9804847, 49.802147199999986 ], [ 23.9805201, 49.802330799999986 ], [ 23.9805606, 49.8025352 ], [ 23.9807232, 49.8032277 ], [ 23.9807431, 49.803294099999988 ], [ 23.9809161, 49.8040286 ], [ 23.9812044, 49.8051604 ], [ 23.9812225, 49.8052433 ], [ 23.9815151, 49.8061558 ], [ 23.9815485, 49.806356 ] ] ] ] } },
{ "type": "Feature", "properties": { "fid": 16, "MOID": "2105208105179547192", "ID": "3", "NAME": "Залізничний район", "EDITOR_DAT": null, "KOATUU": "4610136300" }, "geometry": { "type": "MultiPolygon", "coordinates": [ [ [ [ 23.9071837, 49.8329733 ], [ 23.9125826, 49.8348091 ], [ 23.9140702, 49.835737099999989 ], [ 23.9156384, 49.836349499999976 ], [ 23.9155426, 49.8364776 ], [ 23.9155165, 49.836518699999985 ], [ 23.914832540170405, 49.837446727839954 ], [ 23.918141155497562, 49.838360673587573 ], [ 23.920923591105634, 49.839036287460239 ], [ 23.921153050203589, 49.839066892978757 ], [ 23.922250500048158, 49.839119020417002 ], [ 23.923132894053843, 49.83913018035215 ], [ 23.923238217973577, 49.841190151787245 ], [ 23.922979925050214, 49.841190003381222 ], [ 23.922873890255769, 49.841205051513469 ], [ 23.922838504661211, 49.841250778877807 ], [ 23.922324406911017, 49.842555933502673 ], [ 23.924403896528325, 49.845214860997551 ], [ 23.924534369128509, 49.845370071466974 ], [ 23.924506401452881, 49.845377665082168 ], [ 23.924609086521734, 49.845501462555774 ], [ 23.926575657842442, 49.844982311071256 ], [ 23.927497923124072, 49.846281619393103 ], [ 23.927583302427077, 49.846256933788105 ], [ 23.927587706236856, 49.846267403369978 ], [ 23.927862237895312, 49.846685289030411 ], [ 23.929426937628282, 49.845910595237854 ], [ 23.930226125857256, 49.845777128391894 ], [ 23.930607807378244, 49.845666533310364 ], [ 23.931170229951231, 49.845442107320203 ], [ 23.93216726261107, 49.846653650194845 ], [ 23.932778175772235, 49.847521786855559 ], [ 23.933848868850927, 49.847925847766263 ], [ 23.93454311476864, 49.848146995119663 ], [ 23.935163682598528, 49.850638058640058 ], [ 23.936118058392545, 49.850044849336165 ], [ 23.937177661597961, 49.849984535646115 ], [ 23.94339953177084, 49.849907837408445 ], [ 23.947278556441915, 49.849921099513651 ], [ 23.949438794065216, 49.849937294272564 ], [ 23.9524878616593, 49.84995001392258 ], [ 23.955862929201498, 49.850137857184372 ], [ 23.957883181812115, 49.850396132021977 ], [ 23.961795833967848, 49.850726117881649 ], [ 23.963573644223345, 49.850544006816811 ], [ 23.965020976340195, 49.851511193186703 ], [ 23.964042870001403, 49.852782108466833 ], [ 23.962748173665233, 49.852324969438286 ], [ 23.962053709012462, 49.852142051421175 ], [ 23.961641573659346, 49.852240871182644 ], [ 23.961335439092636, 49.852286440970332 ], [ 23.960805611783105, 49.852331933401231 ], [ 23.958698039931249, 49.852551944144473 ], [ 23.955862298210771, 49.852747221765114 ], [ 23.9426955131181, 49.852893329612897 ], [ 23.936358267266364, 49.853124071385615 ], [ 23.936049192054362, 49.853142930066362 ], [ 23.935834299279357, 49.853165646553506 ], [ 23.934989475621581, 49.8532298757872 ], [ 23.933932775299493, 49.853263528690263 ], [ 23.932920401063345, 49.85316779201009 ], [ 23.92657488356787, 49.853327582400411 ], [ 23.917944094200166, 49.853877443452475 ], [ 23.9107308, 49.851801899999984 ], [ 23.9092774, 49.853439199999983 ], [ 23.9113159, 49.853967399999981 ], [ 23.9124942, 49.854873 ], [ 23.9138329, 49.8555685 ], [ 23.914393, 49.855655399999982 ], [ 23.9196885, 49.8563447 ], [ 23.9197207, 49.85716 ], [ 23.9287114, 49.857889 ], [ 23.9345931, 49.858676599999988 ], [ 23.937397, 49.858438099999987 ], [ 23.9378077, 49.859688699999985 ], [ 23.9383455, 49.8612817 ], [ 23.938767, 49.862280799999986 ], [ 23.9395863, 49.862930599999984 ], [ 23.9415224, 49.863611099999979 ], [ 23.9436899, 49.8634708 ], [ 23.9437597, 49.8637035 ], [ 23.9503552, 49.863720399999977 ], [ 23.9526141, 49.8642922 ], [ 23.9557377, 49.8644149 ], [ 23.9567937, 49.864283 ], [ 23.9573946, 49.862769 ], [ 23.9714621, 49.858398899999983 ], [ 23.97185, 49.858468 ], [ 23.9719726, 49.8585877 ], [ 23.9725645, 49.859165599999983 ], [ 23.9726929, 49.8591125 ], [ 23.9780155, 49.856910599999985 ], [ 23.9780774, 49.856885 ], [ 23.9781936, 49.856835699999976 ], [ 23.9802889, 49.8559466 ], [ 23.9806943, 49.8557759 ], [ 23.9813707, 49.855491 ], [ 23.9832162, 49.854720499999985 ], [ 23.984916, 49.8540108 ], [ 23.9851185, 49.8539309 ], [ 23.9859788, 49.8535916 ], [ 23.9866194, 49.8534319 ], [ 23.986935, 49.8533876 ], [ 23.9882029, 49.852649599999985 ], [ 23.9885739, 49.8524469 ], [ 23.9908484, 49.851435599999988 ], [ 23.9916602, 49.851086499999987 ], [ 23.9917255, 49.851058399999985 ], [ 23.9919045, 49.850981399999981 ], [ 23.9930476, 49.8504577 ], [ 23.9933096, 49.8503412 ], [ 23.9939029, 49.8500774 ], [ 23.9941584, 49.8499637 ], [ 23.9944286, 49.849843599999986 ], [ 23.9946195, 49.8497587 ], [ 23.9959951, 49.849282 ], [ 23.9971015, 49.8489148 ], [ 23.9980523, 49.848636099999986 ], [ 23.9990146, 49.8483321 ], [ 24.0004339, 49.848013099999982 ], [ 24.0005687, 49.847965399999985 ], [ 24.0009681, 49.8478585 ], [ 24.0023713, 49.8473227 ], [ 24.0027304, 49.847211699999981 ], [ 24.0029063, 49.84715 ], [ 24.0031429, 49.8470832 ], [ 24.0035653, 49.846980799999983 ], [ 24.0040713, 49.846892099999984 ], [ 24.0041644, 49.846872499999982 ], [ 24.0045979, 49.8468053 ], [ 24.0047907, 49.8467513 ], [ 24.005306, 49.846556199999988 ], [ 24.0058906, 49.846301799999985 ], [ 24.0064943, 49.8460685 ], [ 24.0065606, 49.846042399999988 ], [ 24.0070789, 49.8458384 ], [ 24.0071661, 49.845804099999988 ], [ 24.0110301, 49.844452899999979 ], [ 24.0106759, 49.8437793 ], [ 24.0104273, 49.8433041 ], [ 24.0103573, 49.8431101 ], [ 24.0103218, 49.843013299999988 ], [ 24.0103019, 49.8428629 ], [ 24.0102062, 49.842007 ], [ 24.011015, 49.8411687 ], [ 24.0110585, 49.8411162 ], [ 24.0118628, 49.8402207 ], [ 24.0119387, 49.8401443 ], [ 24.0109323, 49.8397559 ], [ 24.0092182, 49.839078499999978 ], [ 24.0091572, 49.839055399999978 ], [ 24.0082266, 49.8386922 ], [ 24.0073976, 49.8383589 ], [ 24.0069536, 49.838179799999985 ], [ 24.0062509, 49.837923399999987 ], [ 24.0056019, 49.837703199999986 ], [ 24.0052795, 49.8375894 ], [ 24.0051172, 49.837529599999989 ], [ 24.0043017, 49.837267499999982 ], [ 24.0040257, 49.837180199999985 ], [ 24.0038684, 49.837131099999972 ], [ 24.0028502, 49.836824299999989 ], [ 24.002697, 49.836781 ], [ 24.0024991, 49.836744299999985 ], [ 24.0020319, 49.836657899999977 ], [ 24.0016117, 49.836581399999986 ], [ 24.0009371, 49.8364587 ], [ 24.0003803, 49.836360699999979 ], [ 23.9991503, 49.8361514 ], [ 23.9988587, 49.836100199999983 ], [ 23.9984102, 49.8360213 ], [ 23.9983669, 49.8360137 ], [ 23.9975947, 49.835878 ], [ 23.9969625, 49.8357668 ], [ 23.9964988, 49.8356853 ], [ 23.9956415, 49.835534599999988 ], [ 23.995562, 49.8355206 ], [ 23.9951175, 49.835442499999978 ], [ 23.9946225, 49.835355499999984 ], [ 23.9946016, 49.835351299999985 ], [ 23.9942265, 49.835285899999988 ], [ 23.9941093, 49.8352654 ], [ 23.9940079, 49.8352445 ], [ 23.9938162, 49.835210799999984 ], [ 23.9925135, 49.8349726 ], [ 23.9917119, 49.834826 ], [ 23.9909701, 49.834690399999978 ], [ 23.9908545, 49.834671099999987 ], [ 23.9907886, 49.834660499999984 ], [ 23.9905392, 49.834619899999986 ], [ 23.9905, 49.834613 ], [ 23.9901161, 49.834545799999979 ], [ 23.9900978, 49.8345427 ], [ 23.9896879, 49.834470799999977 ], [ 23.989267, 49.834394099999983 ], [ 23.989219, 49.8343853 ], [ 23.9891244, 49.834368099999985 ], [ 23.9885782, 49.8342722 ], [ 23.9884405, 49.834248 ], [ 23.9878382, 49.834142299999989 ], [ 23.987676, 49.834113799999976 ], [ 23.9875382, 49.8340896 ], [ 23.9873665, 49.834059299999986 ], [ 23.9869139, 49.833992599999981 ], [ 23.9859601, 49.833811299999986 ], [ 23.9855992, 49.833742699999988 ], [ 23.9853098, 49.833691599999987 ], [ 23.9852199, 49.8336757 ], [ 23.9851485, 49.833663099999988 ], [ 23.9846885, 49.833577 ], [ 23.9838647, 49.833449 ], [ 23.9836954, 49.833408399999989 ], [ 23.9836546, 49.8334006 ], [ 23.9833535, 49.8333413 ], [ 23.9828232, 49.833239399999982 ], [ 23.9819909, 49.833088099999983 ], [ 23.9814323, 49.8329901 ], [ 23.9807682, 49.832862499999976 ], [ 23.9804825, 49.8328134 ], [ 23.9798444, 49.832703899999984 ], [ 23.9788161, 49.832525899999986 ], [ 23.9781029, 49.832388799999983 ], [ 23.9772808, 49.832258 ], [ 23.9766086, 49.8321421 ], [ 23.9762206, 49.832073299999969 ], [ 23.9760496, 49.832034499999985 ], [ 23.9750033, 49.8318576 ], [ 23.974818, 49.8318223 ], [ 23.9736771, 49.831605199999984 ], [ 23.9732688, 49.831537099999984 ], [ 23.9732113, 49.830969899999985 ], [ 23.9732127, 49.830725599999987 ], [ 23.9732415, 49.830458499999978 ], [ 23.9733099, 49.830188499999977 ], [ 23.9733875, 49.8299607 ], [ 23.9734927, 49.8297354 ], [ 23.9736291, 49.829515899999983 ], [ 23.9738397, 49.8292333 ], [ 23.9740907, 49.828962 ], [ 23.9746086, 49.828535699999989 ], [ 23.9751663, 49.828196 ], [ 23.9758932, 49.827875 ], [ 23.9893392, 49.8237782 ], [ 23.9892181, 49.823383 ], [ 23.9889064, 49.8223494 ], [ 23.9886601, 49.8215661 ], [ 23.9886305, 49.821476099999984 ], [ 23.9885678, 49.821267 ], [ 23.9884238, 49.8208129 ], [ 23.9881083, 49.819845299999983 ], [ 23.9880162, 49.819557199999984 ], [ 23.9878914, 49.819188 ], [ 23.9878176, 49.819009 ], [ 23.9877923, 49.818948299999988 ], [ 23.9877657, 49.8188833 ], [ 23.9877184, 49.8187843 ], [ 23.9875171, 49.8183776 ], [ 23.9871837, 49.817772399999988 ], [ 23.9868427, 49.817185499999987 ], [ 23.9866462, 49.816842399999985 ], [ 23.9864614, 49.816491299999988 ], [ 23.9860667, 49.815801799999988 ], [ 23.9857288, 49.815169 ], [ 23.9856343, 49.8150079 ], [ 23.9854146, 49.814624199999983 ], [ 23.9852005, 49.814233199999975 ], [ 23.9848706, 49.813655599999976 ], [ 23.9848209, 49.813561099999987 ], [ 23.9847289, 49.813385099999984 ], [ 23.9846226, 49.8131831 ], [ 23.9844976, 49.812947 ], [ 23.9844049, 49.812767899999983 ], [ 23.9841999, 49.812386 ], [ 23.9837623, 49.811673599999985 ], [ 23.9835498, 49.811287399999983 ], [ 23.9830376, 49.810356699999986 ], [ 23.9827369, 49.809755 ], [ 23.9826262, 49.809574 ], [ 23.9825114, 49.809316499999987 ], [ 23.9824341, 49.8091286 ], [ 23.9823973, 49.809038699999988 ], [ 23.982204, 49.808616699999988 ], [ 23.9819904, 49.8080564 ], [ 23.9818423, 49.807510199999982 ], [ 23.981689, 49.806897499999984 ], [ 23.9816297, 49.806680499999977 ], [ 23.9815485, 49.806356 ], [ 23.9815151, 49.8061558 ], [ 23.9812225, 49.8052433 ], [ 23.9812044, 49.8051604 ], [ 23.9809161, 49.8040286 ], [ 23.9807431, 49.803294099999988 ], [ 23.9807232, 49.8032277 ], [ 23.9805606, 49.8025352 ], [ 23.9805201, 49.802330799999986 ], [ 23.9804847, 49.802147199999986 ], [ 23.9803906, 49.801592 ], [ 23.9803044, 49.801291899999988 ], [ 23.9802598, 49.8011553 ], [ 23.9789511, 49.801276799999982 ], [ 23.9751923, 49.801538 ], [ 23.9703009, 49.801866399999987 ], [ 23.9695687, 49.802200499999984 ], [ 23.9685714, 49.802330799999986 ], [ 23.9677888, 49.802396 ], [ 23.9654223, 49.802515 ], [ 23.9654534, 49.802889 ], [ 23.9650975, 49.803050799999987 ], [ 23.9646324, 49.8033631 ], [ 23.9640852, 49.804667799999983 ], [ 23.9630275, 49.804772199999988 ], [ 23.9612721, 49.805897399999985 ], [ 23.9607922, 49.806420299999985 ], [ 23.9599906, 49.807063899999989 ], [ 23.959391, 49.8078256 ], [ 23.9558712, 49.809920699999985 ], [ 23.9530699, 49.810226 ], [ 23.9512246, 49.8104271 ], [ 23.949316, 49.810699799999988 ], [ 23.949337, 49.809322399999985 ], [ 23.9478048, 49.8092958 ], [ 23.9478513, 49.808420199999986 ], [ 23.93983, 49.808891 ], [ 23.9396376, 49.809316199999984 ], [ 23.9378756, 49.809521899999986 ], [ 23.9329856, 49.809986199999983 ], [ 23.9330565, 49.809486899999989 ], [ 23.930347, 49.8103164 ], [ 23.9294865, 49.809669799999988 ], [ 23.9289578, 49.809924099999982 ], [ 23.9283426, 49.810104 ], [ 23.9277754, 49.810166099999982 ], [ 23.9275144, 49.81012 ], [ 23.9258638, 49.8100054 ], [ 23.9258205, 49.8105714 ], [ 23.9245935, 49.811081 ], [ 23.924352, 49.8111813 ], [ 23.9232372, 49.8121419 ], [ 23.9229246, 49.812681399999988 ], [ 23.9221966, 49.8125 ], [ 23.9211864, 49.8141925 ], [ 23.9205854, 49.814020799999987 ], [ 23.9197183, 49.8150698 ], [ 23.9183487, 49.815451299999985 ], [ 23.9184374, 49.815724699999983 ], [ 23.9184051, 49.815795799999989 ], [ 23.9176295, 49.817504799999988 ], [ 23.917246, 49.81817 ], [ 23.9158263, 49.8206326 ], [ 23.9157376, 49.820618 ], [ 23.9134228, 49.8202 ], [ 23.9130436, 49.820894499999987 ], [ 23.9152061, 49.821304199999986 ], [ 23.9146247, 49.823025799999982 ], [ 23.9114427, 49.8270551 ], [ 23.9090181, 49.8303047 ], [ 23.9071837, 49.8329733 ] ] ] ] } },
{ "type": "Feature", "properties": { "fid": 17, "MOID": "2105208105179547193", "ID": "1", "NAME": "Галицький район", "EDITOR_DAT": null, "KOATUU": "4610136600" }, "geometry": { "type": "MultiPolygon", "coordinates": [ [ [ [ 24.043722100000188, 49.850707000000213 ], [ 24.042700600000096, 49.849901200000126 ], [ 24.042482000000117, 49.849677300000103 ], [ 24.042343900000041, 49.849478400000173 ], [ 24.042252700000112, 49.849257000000122 ], [ 24.042200500000089, 49.848981100000216 ], [ 24.042187000000233, 49.848778800000204 ], [ 24.042215300000059, 49.848716200000169 ], [ 24.042291600000162, 49.848635200000203 ], [ 24.04241780000012, 49.848585600000206 ], [ 24.042546400000099, 49.848549600000233 ], [ 24.04268600000011, 49.848532000000191 ], [ 24.04284420000004, 49.848524600000118 ], [ 24.043199500000121, 49.848531500000135 ], [ 24.044659700000174, 49.848679600000139 ], [ 24.044914100000248, 49.848686400000183 ], [ 24.045022600000145, 49.848678100000186 ], [ 24.045073100000074, 49.848655700000101 ], [ 24.045130800000088, 49.848612900000134 ], [ 24.045409900000088, 49.84842420000016 ], [ 24.047245100000218, 49.848315900000081 ], [ 24.047862900000148, 49.848122500000031 ], [ 24.050026000000113, 49.848102200000135 ], [ 24.049974000000244, 49.847916200000022 ], [ 24.049907800000248, 49.847138400000176 ], [ 24.049817900000104, 49.846924900000076 ], [ 24.049230100000152, 49.846233100000219 ], [ 24.048818900000235, 49.84592810000003 ], [ 24.048775100000167, 49.845910100000125 ], [ 24.048479000000153, 49.845788500000182 ], [ 24.04775440000008, 49.845595600000237 ], [ 24.047595800000121, 49.845589600000089 ], [ 24.047337400000224, 49.845748900000153 ], [ 24.047213900000138, 49.845879300000078 ], [ 24.047011700000091, 49.845962600000227 ], [ 24.046826500000229, 49.846057300000084 ], [ 24.04533490000005, 49.845875600000163 ], [ 24.044562200000083, 49.845831300000214 ], [ 24.044318200000131, 49.845839300000122 ], [ 24.042117000000125, 49.846312000000168 ], [ 24.041238300000025, 49.846525600000113 ], [ 24.040794300000066, 49.845847 ], [ 24.040447400000168, 49.845438900000076 ], [ 24.040368500000223, 49.845360400000168 ], [ 24.040219, 49.845279400000194 ], [ 24.039065200000206, 49.844848200000222 ], [ 24.038890300000098, 49.844817200000129 ], [ 24.038778, 49.844812100000063 ], [ 24.038679700000095, 49.844813200000132 ], [ 24.038676600000198, 49.84469880000011 ], [ 24.038660600000121, 49.843931900000243 ], [ 24.039333900000024, 49.843314100000093 ], [ 24.039390300000086, 49.843262300000099 ], [ 24.039928100000161, 49.843172200000076 ], [ 24.040483300000112, 49.843075300000066 ], [ 24.041055600000213, 49.842975400000164 ], [ 24.041014800000024, 49.842920400000246 ], [ 24.040905800000068, 49.84277360000015 ], [ 24.040722200000168, 49.842526300000131 ], [ 24.039814400000175, 49.841123500000023 ], [ 24.039787900000132, 49.841082600000043 ], [ 24.039711900000036, 49.840983200000139 ], [ 24.039662900000103, 49.840919100000171 ], [ 24.039216500000116, 49.840636100000026 ], [ 24.039104500000057, 49.840515200000183 ], [ 24.039072100000048, 49.840388300000136 ], [ 24.0391416000001, 49.839852100000179 ], [ 24.038304200000134, 49.839833300000059 ], [ 24.038072900000138, 49.83982810000014 ], [ 24.037251000000193, 49.839809600000244 ], [ 24.036699800000228, 49.839797200000071 ], [ 24.036009100000111, 49.839781700000046 ], [ 24.035776500000217, 49.83945140000008 ], [ 24.035430300000197, 49.838994200000108 ], [ 24.035419552800416, 49.838971329049784 ], [ 24.035345200000044, 49.838813100000195 ], [ 24.035304500000045, 49.838648600000099 ], [ 24.035165100000082, 49.838170700000134 ], [ 24.035068300000084, 49.837838600000218 ], [ 24.035016400000238, 49.837646200000094 ], [ 24.035004500000124, 49.837566400000071 ], [ 24.03497480000015, 49.837410200000114 ], [ 24.03494870000014, 49.837318700000182 ], [ 24.034897500000163, 49.837008200000056 ], [ 24.034888400000106, 49.836505700000075 ], [ 24.034944000000102, 49.836199800000138 ], [ 24.034947000000152, 49.836096600000118 ], [ 24.034945900000245, 49.835874600000061 ], [ 24.034943700000035, 49.835480800000184 ], [ 24.034943600000243, 49.835452900000163 ], [ 24.034939900000094, 49.835012300000116 ], [ 24.034828900000143, 49.834869300000022 ], [ 24.034608300000226, 49.834750900000174 ], [ 24.034520300000217, 49.834684000000145 ], [ 24.034381000000216, 49.834551200000185 ], [ 24.034338500000096, 49.83447260000024 ], [ 24.03430220000012, 49.834365700000077 ], [ 24.034264300000181, 49.834253800000099 ], [ 24.034241000000172, 49.834156500000219 ], [ 24.034189700000177, 49.833981700000137 ], [ 24.034137500000153, 49.83380470000008 ], [ 24.034118000000142, 49.833730600000138 ], [ 24.033973800000119, 49.833290900000172 ], [ 24.033827594774685, 49.832714184200753 ], [ 24.034498971844556, 49.832594714753036 ], [ 24.034408500000204, 49.832339700000141 ], [ 24.034440600000202, 49.832275500000193 ], [ 24.03466630000019, 49.832147000000177 ], [ 24.034733400000047, 49.83209520000019 ], [ 24.034788500000214, 49.83205270000024 ], [ 24.034826700000163, 49.831940300000149 ], [ 24.034903300000103, 49.831900700000055 ], [ 24.034845784873429, 49.831601601076812 ], [ 24.03425579824842, 49.830751594604195 ], [ 24.034466381232704, 49.830660319097021 ], [ 24.036354024918666, 49.830246640126667 ], [ 24.036708333308397, 49.830162765945026 ], [ 24.038458115563735, 49.829738063344962 ], [ 24.038297900000138, 49.829613300000169 ], [ 24.038239700000126, 49.829581000000182 ], [ 24.038176500000183, 49.829554100000102 ], [ 24.038054436429722, 49.829537577449152 ], [ 24.037133300000214, 49.829580800000137 ], [ 24.03705640000009, 49.829586400000082 ], [ 24.037014500000165, 49.829581900000044 ], [ 24.036947400000138, 49.829572000000141 ], [ 24.036858662444963, 49.829518932396148 ], [ 24.036587242537522, 49.829154275493373 ], [ 24.036583340566807, 49.829081906842021 ], [ 24.036608000000108, 49.829019900000091 ], [ 24.036694651027581, 49.828972853584794 ], [ 24.036816364259654, 49.828951567938297 ], [ 24.036968536699693, 49.82897657370583 ], [ 24.037306000000108, 49.829090200000039 ], [ 24.037431000000133, 49.829075 ], [ 24.037790366233637, 49.828932209161081 ], [ 24.037848034062936, 49.828879454329503 ], [ 24.040698298073924, 49.82778501290705 ], [ 24.040853517178963, 49.82771028740202 ], [ 24.041835000000212, 49.827228500000203 ], [ 24.041879200000146, 49.827206300000157 ], [ 24.042002400000221, 49.827144300000143 ], [ 24.042097600000083, 49.827097300000204 ], [ 24.042946800000202, 49.82669990000015 ], [ 24.04322580000018, 49.826591600000071 ], [ 24.043438600000222, 49.826546400000076 ], [ 24.043483600000222, 49.826457800000227 ], [ 24.043578700000065, 49.826362400000157 ], [ 24.04368780000004, 49.82628810000022 ], [ 24.043846300000208, 49.826226200000058 ], [ 24.044020500000212, 49.826176100000161 ], [ 24.044458900000048, 49.826074500000104 ], [ 24.04491860000007, 49.825978300000131 ], [ 24.045075200000095, 49.825945500000088 ], [ 24.045338100000144, 49.82589050000017 ], [ 24.045649800000202, 49.825825200000111 ], [ 24.048668000000184, 49.825162200000129 ], [ 24.048922900000143, 49.825085500000164 ], [ 24.049121200000169, 49.825008700000232 ], [ 24.049370900000035, 49.82488810000018 ], [ 24.049593600000204, 49.8247475000001 ], [ 24.049766700000127, 49.8246423000001 ], [ 24.05047310000014, 49.824274000000166 ], [ 24.050968100000027, 49.824080300000155 ], [ 24.051460200000115, 49.823874200000134 ], [ 24.051691900000087, 49.823776900000084 ], [ 24.052074600000132, 49.82361620000011 ], [ 24.052693800000206, 49.823356 ], [ 24.05278480000009, 49.82331780000009 ], [ 24.053268800000179, 49.823075200000105 ], [ 24.05355720000022, 49.822919400000202 ], [ 24.053831100000131, 49.822756600000041 ], [ 24.054079100000244, 49.822595300000202 ], [ 24.054305600000127, 49.822423600000199 ], [ 24.054415400000202, 49.822326800000205 ], [ 24.05451440000018, 49.822226600000242 ], [ 24.05487920000018, 49.821845400000122 ], [ 24.05525960000022, 49.821441100000058 ], [ 24.055606400000155, 49.821057200000141 ], [ 24.055678600000242, 49.820972600000225 ], [ 24.055574600000167, 49.820920300000168 ], [ 24.054531300000175, 49.820387800000141 ], [ 24.054304700000099, 49.820266700000097 ], [ 24.054064900000125, 49.820143200000182 ], [ 24.0534752000002, 49.8198395000001 ], [ 24.053014800000138, 49.819475400000144 ], [ 24.052837400000151, 49.81933460000004 ], [ 24.051611500000199, 49.819044800000249 ], [ 24.051237475635535, 49.818928452099463 ], [ 24.051865935949994, 49.817590766406163 ], [ 24.050086800000138, 49.817160500000099 ], [ 24.048686400000115, 49.816813900000213 ], [ 24.0477570000001, 49.816599400000058 ], [ 24.046855300000111, 49.816427400000222 ], [ 24.046755900000047, 49.81640840000005 ], [ 24.046642600000091, 49.816381200000123 ], [ 24.04658, 49.816348300000243 ], [ 24.046552100000095, 49.816324500000228 ], [ 24.04652690000011, 49.816252600000141 ], [ 24.04659810000015, 49.816011000000209 ], [ 24.046601800000069, 49.815974900000057 ], [ 24.04659730000008, 49.815938500000058 ], [ 24.046557400000147, 49.815888900000047 ], [ 24.046506900000047, 49.815863700000129 ], [ 24.046435000000137, 49.815844900000165 ], [ 24.046374300000075, 49.815843900000047 ], [ 24.046311000000166, 49.815851500000164 ], [ 24.04621840000015, 49.815888400000219 ], [ 24.046121300000149, 49.815948500000211 ], [ 24.046008100000158, 49.816046 ], [ 24.045846500000145, 49.816221800000093 ], [ 24.045733700000191, 49.816414400000198 ], [ 24.045633200000047, 49.816629200000186 ], [ 24.045609300000244, 49.816730500000048 ], [ 24.045595700000142, 49.816864800000168 ], [ 24.045629700000113, 49.81724720000016 ], [ 24.04562570000018, 49.817353500000067 ], [ 24.045601500000085, 49.817403000000112 ], [ 24.045562000000238, 49.81743020000004 ], [ 24.045513800000148, 49.817445100000036 ], [ 24.045457900000141, 49.817451700000035 ], [ 24.045331100000105, 49.817435500000144 ], [ 24.045211700000205, 49.817420200000115 ], [ 24.045058500000149, 49.817427500000171 ], [ 24.044919600000178, 49.81747480000017 ], [ 24.044611400000058, 49.817609600000118 ], [ 24.044396900000088, 49.817796400000127 ], [ 24.044329100000191, 49.817776 ], [ 24.044091700000244, 49.818026600000216 ], [ 24.043800600000161, 49.818263600000073 ], [ 24.043559000000236, 49.818405600000126 ], [ 24.043288700000055, 49.818528900000196 ], [ 24.04157970000005, 49.819039800000198 ], [ 24.041318200000084, 49.819137100000077 ], [ 24.041076400000176, 49.819245600000144 ], [ 24.04081130000008, 49.819401900000102 ], [ 24.040601700000131, 49.81960940000004 ], [ 24.040443500000201, 49.819813600000082 ], [ 24.040170300000167, 49.820306400000142 ], [ 24.040099700000152, 49.820418500000237 ], [ 24.039924900000067, 49.820730800000142 ], [ 24.039698900000239, 49.821126400000189 ], [ 24.039126400000093, 49.822013600000211 ], [ 24.039088200000144, 49.8220728000001 ], [ 24.0385083000001, 49.822963600000129 ], [ 24.038452, 49.822864500000087 ], [ 24.037993300000146, 49.822321900000134 ], [ 24.03778810000022, 49.822199300000122 ], [ 24.035864100000193, 49.82200070000021 ], [ 24.034331600000023, 49.821912600000189 ], [ 24.034205200000081, 49.821871300000161 ], [ 24.033392, 49.821611400000158 ], [ 24.033206500000226, 49.821874900000104 ], [ 24.032887300000077, 49.822179600000069 ], [ 24.032721900000062, 49.822273100000167 ], [ 24.032599000000225, 49.822282300000033 ], [ 24.032493600000173, 49.822218400000096 ], [ 24.032230600000098, 49.82216250000009 ], [ 24.031006400000244, 49.822023300000119 ], [ 24.030415000000168, 49.821964100000216 ], [ 24.029292900000026, 49.821771200000207 ], [ 24.029036600000147, 49.821693900000234 ], [ 24.028812300000247, 49.821592500000179 ], [ 24.02860580000003, 49.821455600000029 ], [ 24.028484, 49.821366000000118 ], [ 24.028347200000148, 49.821257900000028 ], [ 24.027947, 49.820908300000021 ], [ 24.027337300000049, 49.820365300000091 ], [ 24.02722320000003, 49.820260900000157 ], [ 24.026291400000211, 49.819367 ], [ 24.025757400000082, 49.818843700000102 ], [ 24.025098700000107, 49.818138200000185 ], [ 24.02501210000025, 49.818048500000245 ], [ 24.024720500000107, 49.817839200000137 ], [ 24.024481300000211, 49.817836800000109 ], [ 24.024221000000178, 49.817862100000056 ], [ 24.02380340000024, 49.817947400000037 ], [ 24.021241800000205, 49.81839930000011 ], [ 24.021214900000125, 49.818404000000136 ], [ 24.020582300000164, 49.81851360000018 ], [ 24.020172900000027, 49.818580900000242 ], [ 24.02022780000015, 49.819221 ], [ 24.020294100000108, 49.81986130000012 ], [ 24.020316600000221, 49.820174600000072 ], [ 24.020357900000072, 49.820592800000099 ], [ 24.02037810000018, 49.82079750000014 ], [ 24.02058940000023, 49.822731600000097 ], [ 24.020670300000173, 49.823694300000156 ], [ 24.020716300000053, 49.824179300000189 ], [ 24.020773300000194, 49.824668400000114 ], [ 24.020793500000249, 49.824750600000172 ], [ 24.020822400000149, 49.824829900000154 ], [ 24.020858600000103, 49.824916600000044 ], [ 24.020909900000099, 49.824994900000142 ], [ 24.020961600000131, 49.825045600000053 ], [ 24.021029000000162, 49.825099800000132 ], [ 24.020251500000136, 49.825479200000053 ], [ 24.01970440000019, 49.825738800000231 ], [ 24.019032900000234, 49.826077900000016 ], [ 24.018528800000063, 49.826339900000036 ], [ 24.01802710000015, 49.826612900000086 ], [ 24.018858500000185, 49.827523100000057 ], [ 24.019074400000132, 49.827719700000145 ], [ 24.019154200000166, 49.827847100000035 ], [ 24.019155000000236, 49.827971900000058 ], [ 24.01913160000003, 49.828048700000231 ], [ 24.01874180000015, 49.828476600000101 ], [ 24.018451800000086, 49.828787600000041 ], [ 24.018387800000134, 49.828877900000052 ], [ 24.018355300000103, 49.829012400000174 ], [ 24.018409200000114, 49.830062100000177 ], [ 24.018446900000235, 49.830802500000161 ], [ 24.018455400000043, 49.831069600000077 ], [ 24.018506000000166, 49.832098800000146 ], [ 24.018509, 49.832223 ], [ 24.018369200000215, 49.832287900000139 ], [ 24.018097100000084, 49.832400600000241 ], [ 24.017839100000227, 49.832463500000124 ], [ 24.017728300000094, 49.832491 ], [ 24.017329900000217, 49.832584200000142 ], [ 24.017166100000161, 49.83262460000013 ], [ 24.016308400000234, 49.832841400000113 ], [ 24.015991900000124, 49.832918500000098 ], [ 24.015870600000078, 49.832935600000098 ], [ 24.015781700000154, 49.832931400000106 ], [ 24.014855800000131, 49.83368520000009 ], [ 24.014811300000183, 49.833721400000108 ], [ 24.014666300000094, 49.833645200000198 ], [ 24.0145829000001, 49.83360180000016 ], [ 24.014511200000182, 49.833658400000211 ], [ 24.014473100000085, 49.833704200000106 ], [ 24.014454400000144, 49.833755700000076 ], [ 24.014429900000032, 49.834610200000078 ], [ 24.01442760000003, 49.834685700000115 ], [ 24.013923300000041, 49.834682400000176 ], [ 24.0129267000002, 49.834680000000148 ], [ 24.012844800000146, 49.83467980000016 ], [ 24.011251400000155, 49.834708900000052 ], [ 24.010674400000195, 49.834723400000193 ], [ 24.010366600000108, 49.834732000000194 ], [ 24.010044300000111, 49.83473820000021 ], [ 24.009662500000097, 49.834747700000086 ], [ 24.0095947000002, 49.834749200000026 ], [ 24.007624900000103, 49.83478870000009 ], [ 24.007278700000249, 49.834802900000206 ], [ 24.00707610000017, 49.834851600000142 ], [ 24.006951300000132, 49.834891500000062 ], [ 24.006268200000129, 49.835104500000092 ], [ 24.005920900000145, 49.835215300000236 ], [ 24.005581000000113, 49.835333400000238 ], [ 24.005284800000133, 49.835434000000241 ], [ 24.005094400000182, 49.835563700000115 ], [ 24.004649300000089, 49.835991600000149 ], [ 24.004581500000196, 49.836061200000238 ], [ 24.004506800000222, 49.836155400000209 ], [ 24.004432600000136, 49.836276800000107 ], [ 24.004292900000102, 49.836484500000083 ], [ 24.00396110000019, 49.837002900000172 ], [ 24.003868400000151, 49.837131100000107 ], [ 24.00402570000022, 49.837180200000077 ], [ 24.004301700000148, 49.837267500000202 ], [ 24.005117200000083, 49.837529600000032 ], [ 24.005279500000196, 49.837589400000226 ], [ 24.005601900000041, 49.837703200000178 ], [ 24.006250900000108, 49.837923400000122 ], [ 24.006953600000138, 49.838179800000027 ], [ 24.007397600000154, 49.838358900000117 ], [ 24.008226600000164, 49.838692200000125 ], [ 24.009157200000054, 49.839055400000156 ], [ 24.009218200000127, 49.839078500000127 ], [ 24.010932300000199, 49.83975590000005 ], [ 24.011938700000137, 49.840144300000233 ], [ 24.011862800000124, 49.840220700000131 ], [ 24.011058500000154, 49.841116200000144 ], [ 24.011015, 49.841168700000253 ], [ 24.010206200000191, 49.842007000000137 ], [ 24.010301900000108, 49.842862900000107 ], [ 24.010321800000149, 49.843013300000095 ], [ 24.01035730000023, 49.843110100000096 ], [ 24.01042730000017, 49.843304100000175 ], [ 24.01067590000013, 49.843779300000044 ], [ 24.011030100000134, 49.844452900000171 ], [ 24.011164100000194, 49.844405900000027 ], [ 24.011316800000024, 49.844352300000011 ], [ 24.011479800000185, 49.844294700000077 ], [ 24.01319020000016, 49.84369040000017 ], [ 24.01417280000009, 49.843343200000213 ], [ 24.014751600000174, 49.843195 ], [ 24.015400100000189, 49.84303890000006 ], [ 24.015575200000107, 49.843006700000096 ], [ 24.015622100000083, 49.843001400000148 ], [ 24.015791600000107, 49.842970900000111 ], [ 24.016521600000083, 49.842882600000088 ], [ 24.016805300000151, 49.84284400000012 ], [ 24.01750380000021, 49.842768800000094 ], [ 24.017655700000141, 49.842755700000097 ], [ 24.01792220000015, 49.842744900000106 ], [ 24.018166700000162, 49.842737300000181 ], [ 24.018301500000113, 49.842756000000122 ], [ 24.018575200000207, 49.842794100000098 ], [ 24.018723600000037, 49.842815600000094 ], [ 24.020328600000138, 49.842982900000081 ], [ 24.020847600000078, 49.843042600000203 ], [ 24.020832200000079, 49.843087700000233 ], [ 24.020819600000092, 49.843124700000068 ], [ 24.020468900000189, 49.844130000000106 ], [ 24.020168400000212, 49.844983900000095 ], [ 24.020148600000191, 49.845037200000021 ], [ 24.020173700000093, 49.845322100000196 ], [ 24.020218200000095, 49.845597600000225 ], [ 24.020238300000123, 49.845771000000177 ], [ 24.020238000000116, 49.845900400000048 ], [ 24.020234098025007, 49.845933473644322 ], [ 24.020160500000081, 49.846557300000072 ], [ 24.020159800000208, 49.846714000000226 ], [ 24.020190000000234, 49.846859800000225 ], [ 24.020243500000213, 49.84706900000014 ], [ 24.020270800000159, 49.847129600000173 ], [ 24.020377100000072, 49.847495200000182 ], [ 24.020374800000234, 49.847580100000123 ], [ 24.020366400000054, 49.847640500000168 ], [ 24.020261500000114, 49.848488100000097 ], [ 24.020216800000121, 49.848804200000181 ], [ 24.020226400000233, 49.848899000000166 ], [ 24.02032260000021, 49.849537000000211 ], [ 24.020394800000126, 49.849925200000186 ], [ 24.020413500000238, 49.85001870000012 ], [ 24.020350600000196, 49.850104 ], [ 24.020212700000165, 49.850289800000134 ], [ 24.020078700000049, 49.850450700000117 ], [ 24.019998700000027, 49.850565700000047 ], [ 24.019958200000239, 49.850682700000156 ], [ 24.01991960000003, 49.850822000000136 ], [ 24.019902700000099, 49.851287000000227 ], [ 24.019944600000194, 49.851541800000163 ], [ 24.020189400000156, 49.851477000000145 ], [ 24.020822300000127, 49.851323500000078 ], [ 24.021127600000163, 49.851266400000149 ], [ 24.021427600000148, 49.851214600000098 ], [ 24.021730300000108, 49.851170400000164 ], [ 24.022022200000144, 49.851136700000026 ], [ 24.024192300000088, 49.850941800000079 ], [ 24.024629500000223, 49.850912700000201 ], [ 24.02660770000011, 49.850796500000158 ], [ 24.026891500000144, 49.850779300000156 ], [ 24.027733400000152, 49.850715300000203 ], [ 24.028570000000109, 49.850651400000224 ], [ 24.028932600000072, 49.850624 ], [ 24.02930050000014, 49.85060350000019 ], [ 24.029591000000202, 49.850590400000144 ], [ 24.029865400000169, 49.850591100000024 ], [ 24.030173200000032, 49.85060320000013 ], [ 24.030464900000023, 49.85061870000019 ], [ 24.030799500000164, 49.850657600000027 ], [ 24.032219800000114, 49.850872700000075 ], [ 24.033252, 49.851022200000138 ], [ 24.033958700000078, 49.851131300000134 ], [ 24.037365100000212, 49.851678400000125 ], [ 24.039571500000189, 49.852058700000143 ], [ 24.039712, 49.85208190000008 ], [ 24.039901400000126, 49.852113200000183 ], [ 24.040736300000102, 49.852236900000136 ], [ 24.041454900000183, 49.852306400000032 ], [ 24.041844200000067, 49.852326700000098 ], [ 24.042271200000066, 49.851819500000083 ], [ 24.042495500000136, 49.851656700000078 ], [ 24.043625800000079, 49.85105610000015 ], [ 24.043716200000059, 49.850984700000069 ], [ 24.04375890000005, 49.850927800000171 ], [ 24.04377670000013, 49.850844800000047 ], [ 24.043762400000155, 49.850764500000189 ], [ 24.043722100000188, 49.850707000000213 ] ] ] ] } }
]
}
